;0
0;14
1;14
2;0
3;5
4;35
5;35
6;41
7;17
8;16
9;35
10;35
11;60
12;19
13;16
14;39
15;17
16;35
17;11
18;24
19;0
20;5
21;26
22;13
23;3
24;0
25;0
26;35
27;35
28;18
29;35
30;21
31;19
32;15
33;18
34;16
35;35
36;35
37;0
38;5
39;0
40;13
41;15
42;0
43;0
44;35
45;28
46;35
47;22
48;0
49;5
50;16
51;35
52;40
53;0
54;5
55;0
56;0
57;35
58;35
59;35
60;15
61;35
62;6
63;6
64;16
65;35
66;46
67;40
68;35
69;0
70;47
71;11
72;5
73;15
74;35
75;0
76;0
77;21
78;16
79;38
80;0
81;5
82;18
83;18
84;28
85;17
86;12
87;3
88;2
89;2
90;16
91;0
92;5
93;24
94;35
95;17
96;13
97;9
98;11
99;35
100;34
101;13
102;0
103;14
104;2
105;2
106;6
107;6
108;0
109;0
110;0
111;0
112;14
113;13
114;12
115;4
116;58
117;47
118;47
119;35
120;40
121;35
122;17
123;12
124;16
125;15
126;17
127;49
128;20
129;0
130;0
131;22
132;38
133;35
134;35
135;9
136;35
137;35
138;57
139;7
140;7
141;35
142;22
143;35
144;15
145;35
146;0
147;35
148;59
149;35
150;7
151;7
152;15
153;35
154;35
155;35
156;22
157;35
158;40
159;16
160;19
161;2
162;0
163;0
164;13
165;13
166;6
167;39
168;17
169;0
170;8
171;5
172;12
173;14
174;0
175;0
176;26
177;19
178;13
179;35
180;35
181;35
182;35
183;45
184;35
185;40
186;35
187;35
188;70
189;22
190;17
191;0
192;0
193;35
194;35
195;8
196;0
197;49
198;35
199;35
200;70
201;46
202;35
203;35
204;6
205;6
206;16
207;35
208;0
209;10
210;0
211;0
212;18
213;35
214;40
215;18
216;17
217;16
218;35
219;46
220;40
221;0
222;0
223;18
224;3
225;3
226;0
227;0
228;35
229;48
230;2
231;2
232;35
233;16
234;35
235;40
236;15
237;15
238;35
239;16
240;35
241;49
242;25
243;0
244;10
245;9
246;18
247;14
248;70
249;70
250;35
251;0
252;5
253;19
254;0
255;5
256;11
257;14
258;35
259;40
260;2
261;15
262;15
263;21
264;38
265;0
266;5
267;15
268;19
269;35
270;14
271;0
272;0
273;35
274;35
275;15
276;14
277;9
278;9
279;0
280;17
281;35
282;0
283;13
284;0
285;35
286;5
287;14
288;0
289;5
290;35
291;42
292;18
293;35
294;35
295;35
296;0
297;0
298;18
299;11
300;35
301;0
302;0
303;0
304;5
305;35
306;35
307;9
308;35
309;16
310;45
311;39
312;3
313;12
314;12
315;0
316;70
317;35
318;0
319;2
320;2
321;20
322;13
323;35
324;18
325;17
326;22
327;0
328;43
329;43
330;35
331;0
332;5
333;5
334;35
335;6
336;6
337;14
338;0
339;18
340;25
341;35
342;35
343;8
344;35
345;5
346;5
347;13
348;0
349;11
350;2
351;18
352;35
353;24
354;0
355;11
356;11
357;35
358;17
359;18
360;35
361;48
362;13
363;18
364;22
365;19
366;35
367;35
368;35
369;51
370;36
371;25
372;49
373;2
374;2
375;35
376;35
377;17
378;0
379;20
380;14
381;37
382;37
383;13
384;3
385;3
386;20
387;13
388;3
389;3
390;14
391;0
392;5
393;0
394;0
395;2
396;2
397;3
398;3
399;0
400;15
401;35
402;49
403;35
404;18
405;35
406;16
407;0
408;12
409;35
410;3
411;3
412;15
413;11
414;0
415;0
416;35
417;50
418;13
419;35
420;12
421;16
422;12
423;37
424;37
425;0
426;5
427;15
428;0
429;5
430;0
431;5
432;46
433;70
434;35
435;35
436;70
437;35
438;0
439;0
440;0
441;5
442;52
443;19
444;35
445;35
446;2
447;16
448;43
449;43
450;35
451;15
452;0
453;0
454;5
455;3
456;3
457;3
458;3
459;0
460;3
461;3
462;16
463;30
464;50
465;13
466;10
467;35
468;40
469;35
470;47
471;14
472;35
473;0
474;11
475;5
476;3
477;3
478;19
479;14
480;35
481;35
482;40
483;0
484;17
485;0
486;5
487;52
488;35
489;35
490;49
491;40
492;19
493;2
494;2
495;3
496;15
497;17
498;56
499;56
500;35
501;19
502;14
503;3
504;3
505;17
506;10
507;15
508;0
509;17
510;35
511;35
512;35
513;24
514;19
515;35
516;10
517;14
518;22
519;17
520;60
521;0
522;0
523;35
524;19
525;35
526;14
527;15
528;2
529;2
530;35
531;35
532;0
533;0
534;15
535;11
536;22
537;15
538;35
539;2
540;2
541;35
542;35
543;18
544;3
545;3
546;17
547;35
548;43
549;16
550;18
551;2
552;17
553;0
554;0
555;37
556;2
557;35
558;13
559;22
560;0
561;21
562;17
563;35
564;35
565;35
566;10
567;0
568;22
569;59
570;7
571;19
572;15
573;30
574;22
575;59
576;53
577;19
578;37
579;37
580;16
581;35
582;43
583;2
584;35
585;35
586;61
587;18
588;8
589;35
590;35
591;2
592;2
593;0
594;5
595;6
596;0
597;0
598;2
599;0
600;7
601;20
602;14
603;35
604;35
605;35
606;35
607;53
608;2
609;2
610;35
611;13
612;35
613;35
614;0
615;5
616;35
617;3
618;3
619;3
620;3
621;0
622;2
623;2
624;0
625;0
626;0
627;10
628;15
629;26
630;35
631;22
632;0
633;0
634;12
635;18
636;0
637;18
638;12
639;11
640;3
641;35
642;35
643;0
644;0
645;35
646;40
647;15
648;16
649;35
650;35
651;0
652;0
653;21
654;35
655;0
656;5
657;2
658;2
659;35
660;19
661;40
662;17
663;13
664;0
665;0
666;5
667;3
668;3
669;35
670;13
671;14
672;0
673;20
674;7
675;14
676;1
677;10
678;35
679;40
680;0
681;35
682;19
683;35
684;42
685;14
686;0
687;53
688;21
689;35
690;0
691;0
692;3
693;3
694;35
695;19
696;43
697;35
698;35
699;40
700;12
701;17
702;20
703;14
704;9
705;17
706;16
707;35
708;13
709;35
710;13
711;14
712;51
713;35
714;35
715;35
716;23
717;35
718;40
719;10
720;15
721;0
722;35
723;3
724;3
725;9
726;15
727;35
728;0
729;0
730;35
731;13
732;0
733;0
734;23
735;35
736;16
737;0
738;5
739;12
740;35
741;18
742;14
743;35
744;49
745;35
746;35
747;0
748;35
749;11
750;12
751;70
752;18
753;38
754;38
755;22
756;0
757;0
758;82
759;22
760;35
761;74
762;15
763;35
764;2
765;18
766;20
767;9
768;25
769;2
770;2
771;13
772;20
773;35
774;35
775;43
776;18
777;0
778;4
779;35
780;3
781;3
782;35
783;0
784;17
785;5
786;14
787;22
788;35
789;3
790;0
791;5
792;23
793;13
794;35
795;64
796;56
797;0
798;15
799;14
800;17
801;14
802;34
803;24
804;0
805;24
806;5
807;16
808;26
809;13
810;13
811;19
812;13
813;0
814;0
815;13
816;0
817;3
818;3
819;38
820;38
821;48
822;0
823;0
824;70
825;35
826;3
827;3
828;0
829;19
830;35
831;35
832;35
833;35
834;38
835;38
836;0
837;20
838;5
839;17
840;3
841;3
842;23
843;13
844;22
845;11
846;2
847;2
848;0
849;0
850;0
851;3
852;3
853;0
854;17
855;18
856;35
857;35
858;16
859;35
860;35
861;35
862;0
863;0
864;20
865;35
866;35
867;40
868;35
869;35
870;3
871;3
872;18
873;11
874;37
875;37
876;11
877;13
878;35
879;35
880;0
881;5
882;0
883;35
884;19
885;22
886;2
887;13
888;10
889;15
890;14
891;0
892;0
893;5
894;0
895;0
896;35
897;35
898;13
899;24
900;52
901;0
902;5
903;0
904;0
905;3
906;10
907;18
908;35
909;35
910;47
911;35
912;40
913;18
914;3
915;18
916;24
917;0
918;0
919;0
920;0
921;35
922;35
923;35
924;30
925;14
926;35
927;0
928;5
929;35
930;35
931;60
932;3
933;18
934;35
935;18
936;0
937;0
938;35
939;16
940;35
941;20
942;7
943;1
944;17
945;17
946;0
947;4
948;4
949;13
950;0
951;5
952;22
953;17
954;23
955;13
956;3
957;3
958;35
959;2
960;13
961;35
962;12
963;20
964;11
965;2
966;2
967;35
968;35
969;13
970;3
971;3
972;44
973;0
974;0
975;18
976;35
977;35
978;70
979;49
980;35
981;22
982;14
983;35
984;22
985;35
986;17
987;0
988;12
989;19
990;17
991;22
992;35
993;3
994;3
995;2
996;2
997;26
998;35
999;35
1000;10
1001;10
1002;3
1003;0
1004;5
1005;17
1006;13
1007;17
1008;0
1009;0
1010;35
1011;35
1012;11
1013;11
1014;13
1015;20
1016;35
1017;15
1018;15
1019;18
1020;35
1021;35
1022;0
1023;3
1024;3
1025;0
1026;0
1027;35
1028;0
1029;11
1030;5
1031;35
1032;35
1033;35
1034;35
1035;0
1036;5
1037;35
1038;3
1039;3
1040;25
1041;0
1042;35
1043;35
1044;53
1045;18
1046;14
1047;51
1048;35
1049;11
1050;35
1051;11
1052;20
1053;0
1054;20
1055;27
1056;0
1057;5
1058;0
1059;0
1060;35
1061;46
1062;23
1063;14
1064;0
1065;9
1066;17
1067;26
1068;0
1069;53
1070;5
1071;18
1072;15
1073;3
1074;3
1075;48
1076;0
1077;0
1078;26
1079;21
1080;0
1081;35
1082;22
1083;3
1084;3
1085;13
1086;25
1087;4
1088;4
1089;0
1090;0
1091;35
1092;11
1093;22
1094;23
1095;35
1096;35
1097;50
1098;55
1099;15
1100;11
1101;35
1102;16
1103;19
1104;74
1105;0
1106;5
1107;3
1108;3
1109;0
1110;0
1111;24
1112;0
1113;5
1114;4
1115;3
1116;35
1117;17
1118;20
1119;35
1120;3
1121;3
1122;35
1123;9
1124;46
1125;13
1126;12
1127;0
1128;16
1129;3
1130;3
1131;35
1132;15
1133;20
1134;0
1135;35
1136;19
1137;20
1138;16
1139;35
1140;52
1141;18
1142;0
1143;0
1144;70
1145;3
1146;3
1147;19
1148;3
1149;0
1150;5
1151;2
1152;2
1153;0
1154;5
1155;18
1156;35
1157;28
1158;11
1159;3
1160;3
1161;0
1162;5
1163;3
1164;3
1165;35
1166;17
1167;0
1168;5
1169;45
1170;14
1171;20
1172;0
1173;5
1174;3
1175;3
1176;20
1177;0
1178;5
1179;14
1180;2
1181;2
1182;35
1183;35
1184;55
1185;61
1186;0
1187;0
1188;35
1189;16
1190;35
1191;16
1192;35
1193;35
1194;70
1195;22
1196;2
1197;2
1198;22
1199;0
1200;5
1201;35
1202;35
1203;0
1204;0
1205;19
1206;15
1207;0
1208;5
1209;3
1210;3
1211;14
1212;0
1213;0
1214;35
1215;13
1216;15
1217;35
1218;12
1219;22
1220;42
1221;20
1222;11
1223;35
1224;0
1225;0
1226;0
1227;5
1228;3
1229;3
1230;35
1231;17
1232;50
1233;15
1234;19
1235;35
1236;70
1237;0
1238;0
1239;0
1240;35
1241;3
1242;21
1243;22
1244;15
1245;35
1246;35
1247;35
1248;35
1249;0
1250;5
1251;35
1252;13
1253;22
1254;0
1255;16
1256;35
1257;0
1258;2
1259;2
1260;0
1261;5
1262;60
1263;17
1264;14
1265;35
1266;0
1267;0
1268;35
1269;17
1270;0
1271;13
1272;17
1273;35
1274;35
1275;21
1276;14
1277;35
1278;25
1279;35
1280;22
1281;14
1282;19
1283;19
1284;2
1285;2
1286;35
1287;2
1288;2
1289;3
1290;3
1291;2
1292;2
1293;3
1294;3
1295;0
1296;5
1297;9
1298;0
1299;0
1300;35
1301;35
1302;17
1303;35
1304;2
1305;12
1306;35
1307;15
1308;10
1309;0
1310;0
1311;15
1312;2
1313;2
1314;0
1315;21
1316;15
1317;2
1318;32
1319;18
1320;35
1321;35
1322;18
1323;18
1324;22
1325;0
1326;5
1327;17
1328;35
1329;35
1330;56
1331;4
1332;14
1333;3
1334;35
1335;18
1336;35
1337;3
1338;3
1339;51
1340;2
1341;2
1342;20
1343;17
1344;9
1345;14
1346;0
1347;0
1348;17
1349;3
1350;3
1351;35
1352;35
1353;22
1354;8
1355;14
1356;35
1357;0
1358;5
1359;0
1360;17
1361;3
1362;3
1363;28
1364;15
1365;35
1366;35
1367;61
1368;6
1369;13
1370;52
1371;35
1372;2
1373;2
1374;15
1375;14
1376;36
1377;16
1378;17
1379;37
1380;0
1381;37
1382;5
1383;21
1384;8
1385;35
1386;35
1387;35
1388;35
1389;46
1390;40
1391;18
1392;0
1393;0
1394;0
1395;0
1396;5
1397;0
1398;5
1399;22
1400;35
1401;12
1402;14
1403;39
1404;35
1405;16
1406;13
1407;0
1408;5
1409;20
1410;9
1411;35
1412;40
1413;52
1414;58
1415;35
1416;35
1417;0
1418;35
1419;3
1420;3
1421;14
1422;21
1423;11
1424;0
1425;20
1426;3
1427;3
1428;35
1429;11
1430;12
1431;0
1432;5
1433;0
1434;23
1435;11
1436;8
1437;0
1438;0
1439;12
1440;35
1441;41
1442;18
1443;35
1444;35
1445;0
1446;0
1447;35
1448;21
1449;35
1450;40
1451;41
1452;0
1453;5
1454;19
1455;0
1456;5
1457;52
1458;35
1459;2
1460;13
1461;0
1462;0
1463;21
1464;48
1465;16
1466;15
1467;0
1468;12
1469;14
1470;11
1471;73
1472;16
1473;21
1474;35
1475;46
1476;22
1477;2
1478;2
1479;23
1480;0
1481;37
1482;37
1483;20
1484;19
1485;18
1486;0
1487;12
1488;35
1489;0
1490;11
1491;5
1492;35
1493;14
1494;84
1495;35
1496;15
1497;0
1498;0
1499;35
1500;35
1501;15
1502;35
1503;40
1504;0
1505;35
1506;35
1507;42
1508;0
1509;0
1510;3
1511;17
1512;0
1513;2
1514;14
1515;12
1516;12
1517;35
1518;0
1519;0
1520;35
1521;12
1522;13
1523;13
1524;35
1525;35
1526;0
1527;17
1528;12
1529;17
1530;35
1531;53
1532;23
1533;2
1534;35
1535;0
1536;5
1537;13
1538;38
1539;38
1540;11
1541;0
1542;51
1543;35
1544;13
1545;35
1546;35
1547;13
1548;18
1549;43
1550;35
1551;35
1552;0
1553;0
1554;35
1555;40
1556;35
1557;40
1558;29
1559;35
1560;40
1561;18
1562;35
1563;10
1564;22
1565;0
1566;0
1567;5
1568;51
1569;60
1570;35
1571;15
1572;35
1573;0
1574;7
1575;14
1576;47
1577;35
1578;37
1579;37
1580;3
1581;3
1582;0
1583;5
1584;0
1585;0
1586;2
1587;2
1588;2
1589;2
1590;18
1591;6
1592;0
1593;17
1594;15
1595;0
1596;0
1597;3
1598;35
1599;12
1600;35
1601;35
1602;0
1603;11
1604;35
1605;0
1606;47
1607;5
1608;0
1609;5
1610;35
1611;16
1612;0
1613;5
1614;35
1615;49
1616;0
1617;5
1618;58
1619;35
1620;44
1621;0
1622;10
1623;35
1624;35
1625;41
1626;14
1627;14
1628;19
1629;38
1630;13
1631;0
1632;0
1633;2
1634;2
1635;4
1636;4
1637;35
1638;35
1639;23
1640;3
1641;3
1642;0
1643;5
1644;35
1645;0
1646;5
1647;9
1648;18
1649;8
1650;15
1651;2
1652;11
1653;3
1654;3
1655;13
1656;0
1657;70
1658;16
1659;24
1660;14
1661;2
1662;18
1663;0
1664;19
1665;35
1666;14
1667;35
1668;35
1669;35
1670;4
1671;4
1672;28
1673;0
1674;19
1675;35
1676;41
1677;13
1678;9
1679;35
1680;52
1681;40
1682;0
1683;5
1684;0
1685;0
1686;4
1687;18
1688;12
1689;24
1690;35
1691;19
1692;14
1693;14
1694;35
1695;35
1696;20
1697;19
1698;19
1699;35
1700;3
1701;35
1702;21
1703;20
1704;18
1705;6
1706;35
1707;35
1708;70
1709;51
1710;14
1711;35
1712;9
1713;49
1714;35
1715;35
1716;14
1717;35
1718;35
1719;19
1720;16
1721;2
1722;2
1723;0
1724;5
1725;35
1726;7
1727;35
1728;0
1729;35
1730;16
1731;44
1732;37
1733;35
1734;19
1735;25
1736;0
1737;0
1738;5
1739;0
1740;5
1741;2
1742;16
1743;0
1744;0
1745;16
1746;3
1747;25
1748;0
1749;35
1750;35
1751;35
1752;35
1753;20
1754;13
1755;35
1756;15
1757;23
1758;15
1759;19
1760;12
1761;12
1762;0
1763;13
1764;35
1765;0
1766;10
1767;70
1768;17
1769;18
1770;13
1771;35
1772;2
1773;48
1774;13
1775;35
1776;49
1777;22
1778;0
1779;0
1780;35
1781;35
1782;18
1783;42
1784;56
1785;35
1786;35
1787;12
1788;2
1789;2
1790;16
1791;3
1792;3
1793;15
1794;11
1795;35
1796;35
1797;55
1798;35
1799;22
1800;53
1801;0
1802;15
1803;35
1804;17
1805;35
1806;36
1807;36
1808;49
1809;0
1810;5
1811;0
1812;5
1813;14
1814;35
1815;35
1816;35
1817;18
1818;35
1819;15
1820;35
1821;13
1822;22
1823;21
1824;23
1825;35
1826;46
1827;40
1828;2
1829;15
1830;35
1831;15
1832;35
1833;6
1834;35
1835;0
1836;5
1837;19
1838;0
1839;0
1840;0
1841;35
1842;35
1843;35
1844;35
1845;0
1846;0
1847;0
1848;0
1849;35
1850;40
1851;35
1852;53
1853;0
1854;0
1855;22
1856;0
1857;20
1858;35
1859;35
1860;2
1861;2
1862;0
1863;0
1864;0
1865;5
1866;2
1867;3
1868;3
1869;35
1870;0
1871;35
1872;17
1873;0
1874;0
1875;35
1876;0
1877;0
1878;35
1879;35
1880;54
1881;0
1882;0
1883;2
1884;0
1885;0
1886;35
1887;35
1888;0
1889;19
1890;17
1891;35
1892;0
1893;20
1894;0
1895;5
1896;3
1897;3
1898;15
1899;14
1900;35
1901;0
1902;14
1903;0
1904;15
1905;53
1906;35
1907;16
1908;35
1909;0
1910;15
1911;36
1912;35
1913;18
1914;35
1915;13
1916;2
1917;2
1918;14
1919;35
1920;40
1921;0
1922;7
1923;19
1924;12
1925;35
1926;35
1927;0
1928;5
1929;13
1930;35
1931;35
1932;15
1933;0
1934;27
1935;35
1936;35
1937;19
1938;13
1939;35
1940;0
1941;14
1942;19
1943;35
1944;17
1945;44
1946;4
1947;4
1948;9
1949;11
1950;2
1951;2
1952;0
1953;17
1954;12
1955;35
1956;14
1957;0
1958;35
1959;35
1960;35
1961;2
1962;2
1963;3
1964;0
1965;18
1966;14
1967;2
1968;2
1969;0
1970;2
1971;2
1972;35
1973;0
1974;22
1975;22
1976;7
1977;0
1978;0
1979;23
1980;35
1981;35
1982;18
1983;9
1984;13
1985;14
1986;0
1987;94
1988;3
1989;18
1990;35
1991;15
1992;20
1993;16
1994;0
1995;5
1996;2
1997;2
1998;11
1999;12
2000;26
2001;17
2002;35
2003;35
2004;17
2005;15
2006;2
2007;2
2008;35
2009;13
2010;35
2011;35
2012;0
2013;15
2014;2
2015;2
2016;12
2017;38
2018;38
2019;0
2020;0
2021;44
2022;35
2023;0
2024;0
2025;5
2026;19
2027;15
2028;2
2029;2
2030;35
2031;3
2032;3
2033;18
2034;35
2035;13
2036;35
2037;2
2038;14
2039;35
2040;39
2041;39
2042;35
2043;35
2044;6
2045;0
2046;5
2047;15
2048;10
2049;17
2050;2
2051;2
2052;35
2053;35
2054;59
2055;14
2056;0
2057;55
2058;35
2059;21
2060;17
2061;35
2062;52
2063;52
2064;22
2065;0
2066;0
2067;5
2068;35
2069;19
2070;35
2071;4
2072;25
2073;0
2074;5
2075;35
2076;35
2077;52
2078;35
2079;10
2080;35
2081;35
2082;35
2083;35
2084;35
2085;54
2086;18
2087;35
2088;35
2089;35
2090;8
2091;22
2092;35
2093;46
2094;40
2095;25
2096;10
2097;20
2098;0
2099;0
2100;42
2101;35
2102;12
2103;18
2104;35
2105;10
2106;35
2107;18
2108;35
2109;35
2110;35
2111;35
2112;35
2113;54
2114;20
2115;0
2116;5
2117;19
2118;19
2119;0
2120;0
2121;22
2122;16
2123;17
2124;15
2125;35
2126;3
2127;3
2128;3
2129;35
2130;35
2131;35
2132;35
2133;59
2134;0
2135;13
2136;0
2137;5
2138;0
2139;0
2140;53
2141;2
2142;2
2143;16
2144;0
2145;0
2146;35
2147;45
2148;3
2149;3
2150;35
2151;40
2152;11
2153;35
2154;40
2155;0
2156;18
2157;14
2158;15
2159;26
2160;2
2161;2
2162;0
2163;16
2164;18
2165;35
2166;3
2167;3
2168;3
2169;35
2170;61
2171;35
2172;41
2173;37
2174;0
2175;37
2176;35
2177;26
2178;35
2179;0
2180;17
2181;3
2182;35
2183;0
2184;0
2185;0
2186;10
2187;54
2188;0
2189;5
2190;0
2191;5
2192;0
2193;0
2194;13
2195;0
2196;5
2197;26
2198;17
2199;2
2200;2
2201;35
2202;0
2203;0
2204;0
2205;3
2206;3
2207;14
2208;0
2209;0
2210;35
2211;35
2212;3
2213;3
2214;62
2215;35
2216;13
2217;19
2218;18
2219;12
2220;35
2221;35
2222;0
2223;0
2224;0
2225;0
2226;0
2227;18
2228;35
2229;35
2230;0
2231;5
2232;0
2233;0
2234;54
2235;5
2236;17
2237;35
2238;35
2239;15
2240;18
2241;15
2242;2
2243;2
2244;0
2245;52
2246;35
2247;40
2248;39
2249;0
2250;0
2251;17
2252;10
2253;0
2254;7
2255;0
2256;5
2257;2
2258;2
2259;2
2260;2
2261;14
2262;14
2263;35
2264;17
2265;35
2266;0
2267;10
2268;5
2269;0
2270;5
2271;35
2272;0
2273;5
2274;24
2275;15
2276;35
2277;35
2278;0
2279;5
2280;70
2281;35
2282;35
2283;35
2284;3
2285;3
2286;48
2287;21
2288;35
2289;40
2290;13
2291;22
2292;25
2293;35
2294;22
2295;6
2296;0
2297;5
2298;35
2299;35
2300;2
2301;7
2302;0
2303;11
2304;5
2305;26
2306;41
2307;13
2308;2
2309;2
2310;35
2311;35
2312;35
2313;63
2314;2
2315;2
2316;24
2317;35
2318;15
2319;15
2320;16
2321;35
2322;26
2323;39
2324;13
2325;0
2326;35
2327;35
2328;4
2329;20
2330;0
2331;5
2332;17
2333;35
2334;70
2335;0
2336;5
2337;16
2338;12
2339;0
2340;0
2341;20
2342;43
2343;18
2344;14
2345;35
2346;35
2347;12
2348;15
2349;35
2350;13
2351;15
2352;3
2353;3
2354;0
2355;5
2356;13
2357;0
2358;0
2359;2
2360;2
2361;27
2362;12
2363;0
2364;5
2365;14
2366;0
2367;21
2368;20
2369;14
2370;0
2371;5
2372;18
2373;0
2374;53
2375;5
2376;28
2377;2
2378;35
2379;0
2380;5
2381;0
2382;5
2383;35
2384;40
2385;35
2386;0
2387;0
2388;35
2389;40
2390;11
2391;44
2392;5
2393;0
2394;5
2395;78
2396;70
2397;0
2398;5
2399;0
2400;0
2401;53
2402;35
2403;70
2404;35
2405;35
2406;35
2407;70
2408;76
2409;15
2410;15
2411;35
2412;35
2413;26
2414;35
2415;35
2416;13
2417;0
2418;5
2419;0
2420;5
2421;0
2422;5
2423;44
2424;59
2425;3
2426;10
2427;0
2428;5
2429;11
2430;35
2431;15
2432;35
2433;38
2434;0
2435;5
2436;11
2437;35
2438;15
2439;35
2440;0
2441;0
2442;0
2443;11
2444;5
2445;2
2446;2
2447;4
2448;35
2449;40
2450;17
2451;15
2452;35
2453;17
2454;15
2455;35
2456;35
2457;15
2458;35
2459;0
2460;5
2461;0
2462;35
2463;35
2464;16
2465;16
2466;3
2467;3
2468;35
2469;35
2470;57
2471;11
2472;2
2473;2
2474;59
2475;41
2476;35
2477;15
2478;35
2479;12
2480;0
2481;0
2482;51
2483;15
2484;0
2485;0
2486;0
2487;20
2488;35
2489;16
2490;0
2491;5
2492;17
2493;0
2494;5
2495;23
2496;17
2497;2
2498;2
2499;17
2500;0
2501;0
2502;35
2503;35
2504;0
2505;35
2506;3
2507;3
2508;13
2509;50
2510;18
2511;18
2512;37
2513;37
2514;15
2515;19
2516;22
2517;15
2518;35
2519;26
2520;0
2521;0
2522;35
2523;35
2524;0
2525;19
2526;20
2527;35
2528;35
2529;28
2530;41
2531;18
2532;0
2533;0
2534;0
2535;35
2536;36
2537;24
2538;35
2539;35
2540;35
2541;0
2542;5
2543;35
2544;35
2545;35
2546;35
2547;2
2548;35
2549;41
2550;0
2551;5
2552;35
2553;21
2554;7
2555;49
2556;55
2557;0
2558;5
2559;35
2560;17
2561;11
2562;0
2563;5
2564;16
2565;35
2566;35
2567;56
2568;14
2569;0
2570;5
2571;41
2572;17
2573;35
2574;0
2575;0
2576;35
2577;15
2578;41
2579;13
2580;0
2581;0
2582;35
2583;35
2584;35
2585;35
2586;59
2587;2
2588;2
2589;19
2590;35
2591;0
2592;35
2593;53
2594;40
2595;0
2596;0
2597;35
2598;0
2599;5
2600;16
2601;35
2602;8
2603;3
2604;0
2605;35
2606;2
2607;2
2608;35
2609;12
2610;16
2611;55
2612;61
2613;0
2614;12
2615;10
2616;11
2617;35
2618;3
2619;0
2620;0
2621;35
2622;19
2623;23
2624;35
2625;35
2626;35
2627;56
2628;23
2629;35
2630;35
2631;35
2632;40
2633;14
2634;18
2635;0
2636;0
2637;57
2638;0
2639;5
2640;35
2641;41
2642;35
2643;40
2644;35
2645;44
2646;0
2647;0
2648;0
2649;5
2650;13
2651;35
2652;17
2653;16
2654;17
2655;18
2656;35
2657;11
2658;24
2659;35
2660;11
2661;8
2662;0
2663;5
2664;21
2665;0
2666;18
2667;2
2668;2
2669;35
2670;22
2671;0
2672;0
2673;17
2674;14
2675;0
2676;11
2677;5
2678;18
2679;0
2680;5
2681;35
2682;0
2683;0
2684;19
2685;35
2686;0
2687;15
2688;15
2689;0
2690;0
2691;16
2692;18
2693;0
2694;35
2695;35
2696;40
2697;36
2698;0
2699;0
2700;13
2701;35
2702;2
2703;2
2704;3
2705;35
2706;41
2707;19
2708;18
2709;0
2710;5
2711;13
2712;54
2713;4
2714;10
2715;10
2716;19
2717;16
2718;37
2719;37
2720;0
2721;35
2722;19
2723;35
2724;40
2725;35
2726;0
2727;10
2728;35
2729;35
2730;35
2731;18
2732;12
2733;5
2734;5
2735;35
2736;40
2737;35
2738;18
2739;0
2740;0
2741;25
2742;6
2743;6
2744;0
2745;0
2746;5
2747;0
2748;5
2749;17
2750;50
2751;0
2752;23
2753;0
2754;5
2755;7
2756;35
2757;0
2758;11
2759;5
2760;22
2761;0
2762;0
2763;0
2764;5
2765;2
2766;2
2767;35
2768;35
2769;11
2770;14
2771;35
2772;0
2773;10
2774;58
2775;14
2776;35
2777;61
2778;0
2779;15
2780;35
2781;8
2782;35
2783;40
2784;35
2785;40
2786;12
2787;35
2788;22
2789;35
2790;55
2791;35
2792;40
2793;44
2794;36
2795;22
2796;13
2797;0
2798;5
2799;22
2800;35
2801;70
2802;0
2803;5
2804;35
2805;9
2806;16
2807;35
2808;12
2809;57
2810;19
2811;35
2812;52
2813;40
2814;15
2815;35
2816;40
2817;35
2818;35
2819;18
2820;43
2821;1
2822;1
2823;15
2824;0
2825;5
2826;0
2827;0
2828;45
2829;34
2830;34
2831;17
2832;35
2833;35
2834;14
2835;13
2836;35
2837;35
2838;10
2839;10
2840;7
2841;46
2842;18
2843;35
2844;2
2845;2
2846;3
2847;35
2848;35
2849;0
2850;5
2851;35
2852;15
2853;35
2854;6
2855;0
2856;5
2857;4
2858;4
2859;12
2860;16
2861;0
2862;5
2863;0
2864;10
2865;35
2866;0
2867;5
2868;78
2869;8
2870;35
2871;20
2872;0
2873;19
2874;35
2875;17
2876;15
2877;0
2878;22
2879;14
2880;0
2881;5
2882;35
2883;40
2884;0
2885;46
2886;5
2887;46
2888;35
2889;15
2890;0
2891;5
2892;15
2893;3
2894;3
2895;0
2896;19
2897;0
2898;5
2899;2
2900;2
2901;15
2902;36
2903;11
2904;0
2905;0
2906;0
2907;35
2908;41
2909;0
2910;5
2911;0
2912;1
2913;0
2914;5
2915;3
2916;3
2917;46
2918;36
2919;21
2920;2
2921;2
2922;35
2923;14
2924;14
2925;11
2926;17
2927;3
2928;3
2929;0
2930;0
2931;35
2932;35
2933;35
2934;16
2935;41
2936;16
2937;35
2938;36
2939;0
2940;0
2941;35
2942;41
2943;0
2944;0
2945;35
2946;0
2947;11
2948;5
2949;50
2950;0
2951;5
2952;18
2953;13
2954;35
2955;18
2956;0
2957;0
2958;51
2959;35
2960;22
2961;35
2962;35
2963;0
2964;18
2965;24
2966;16
2967;10
2968;35
2969;27
2970;2
2971;13
2972;35
2973;35
2974;35
2975;13
2976;0
2977;10
2978;12
2979;13
2980;3
2981;3
2982;15
2983;20
2984;3
2985;3
2986;16
2987;35
2988;35
2989;0
2990;53
2991;5
2992;0
2993;5
2994;35
2995;4
2996;3
2997;18
2998;7
2999;0
3000;0
3001;15
3002;49
3003;15
3004;20
3005;0
3006;0
3007;17
3008;13
3009;0
3010;15
3011;13
3012;0
3013;0
3014;3
3015;3
3016;0
3017;5
3018;0
3019;0
3020;12
3021;0
3022;0
3023;13
3024;35
3025;35
3026;2
3027;2
3028;12
3029;0
3030;5
3031;13
3032;16
3033;35
3034;0
3035;19
3036;10
3037;35
3038;0
3039;35
3040;35
3041;40
3042;0
3043;5
3044;0
3045;0
3046;28
3047;0
3048;14
3049;13
3050;0
3051;5
3052;2
3053;2
3054;35
3055;15
3056;13
3057;0
3058;0
3059;7
3060;14
3061;0
3062;18
3063;22
3064;0
3065;15
3066;35
3067;0
3068;14
3069;0
3070;5
3071;17
3072;2
3073;2
3074;0
3075;0
3076;0
3077;15
3078;13
3079;16
3080;0
3081;0
3082;0
3083;0
3084;59
3085;16
3086;35
3087;14
3088;0
3089;10
3090;18
3091;0
3092;0
3093;3
3094;3
3095;35
3096;35
3097;26
3098;35
3099;35
3100;18
3101;19
3102;35
3103;35
3104;35
3105;50
3106;35
3107;35
3108;2
3109;2
3110;0
3111;0
3112;19
3113;17
3114;6
3115;6
3116;0
3117;50
3118;35
3119;35
3120;0
3121;11
3122;5
3123;46
3124;0
3125;21
3126;35
3127;35
3128;35
3129;0
3130;23
3131;15
3132;35
3133;10
3134;35
3135;46
3136;40
3137;24
3138;40
3139;0
3140;0
3141;4
3142;35
3143;35
3144;70
3145;12
3146;35
3147;21
3148;18
3149;24
3150;0
3151;12
3152;0
3153;38
3154;5
3155;19
3156;16
3157;17
3158;20
3159;35
3160;35
3161;27
3162;15
3163;35
3164;19
3165;10
3166;16
3167;35
3168;35
3169;35
3170;0
3171;35
3172;35
3173;35
3174;35
3175;23
3176;6
3177;0
3178;0
3179;0
3180;14
3181;0
3182;0
3183;35
3184;35
3185;16
3186;9
3187;7
3188;35
3189;16
3190;2
3191;35
3192;0
3193;70
3194;5
3195;35
3196;9
3197;35
3198;0
3199;0
3200;0
3201;12
3202;11
3203;3
3204;3
3205;2
3206;35
3207;2
3208;51
3209;36
3210;49
3211;14
3212;35
3213;0
3214;35
3215;18
3216;15
3217;18
3218;35
3219;0
3220;0
3221;13
3222;35
3223;35
3224;0
3225;11
3226;5
3227;17
3228;12
3229;19
3230;0
3231;5
3232;0
3233;35
3234;0
3235;5
3236;19
3237;0
3238;13
3239;11
3240;35
3241;40
3242;35
3243;31
3244;2
3245;10
3246;16
3247;35
3248;15
3249;15
3250;35
3251;0
3252;11
3253;5
3254;35
3255;35
3256;35
3257;40
3258;10
3259;0
3260;22
3261;0
3262;20
3263;0
3264;26
3265;54
3266;0
3267;36
3268;21
3269;21
3270;15
3271;35
3272;35
3273;21
3274;15
3275;10
3276;35
3277;13
3278;58
3279;0
3280;16
3281;14
3282;52
3283;22
3284;35
3285;35
3286;35
3287;35
3288;35
3289;15
3290;19
3291;35
3292;0
3293;7
3294;16
3295;19
3296;11
3297;3
3298;35
3299;18
3300;35
3301;56
3302;3
3303;3
3304;19
3305;35
3306;3
3307;3
3308;0
3309;35
3310;16
3311;0
3312;0
3313;0
3314;61
3315;18
3316;17
3317;0
3318;5
3319;2
3320;2
3321;15
3322;0
3323;3
3324;3
3325;35
3326;35
3327;12
3328;10
3329;10
3330;0
3331;0
3332;14
3333;35
3334;35
3335;35
3336;11
3337;0
3338;17
3339;13
3340;3
3341;0
3342;5
3343;35
3344;35
3345;59
3346;0
3347;0
3348;0
3349;0
3350;5
3351;3
3352;3
3353;35
3354;35
3355;2
3356;2
3357;35
3358;24
3359;0
3360;0
3361;35
3362;40
3363;46
3364;19
3365;17
3366;3
3367;3
3368;0
3369;5
3370;49
3371;52
3372;35
3373;57
3374;18
3375;0
3376;0
3377;0
3378;18
3379;0
3380;0
3381;5
3382;0
3383;0
3384;2
3385;2
3386;14
3387;0
3388;5
3389;0
3390;0
3391;37
3392;70
3393;2
3394;17
3395;14
3396;36
3397;70
3398;2
3399;2
3400;8
3401;0
3402;16
3403;2
3404;2
3405;35
3406;35
3407;19
3408;28
3409;0
3410;0
3411;5
3412;35
3413;40
3414;35
3415;0
3416;35
3417;14
3418;6
3419;6
3420;35
3421;0
3422;5
3423;16
3424;35
3425;4
3426;3
3427;9
3428;12
3429;0
3430;5
3431;39
3432;39
3433;3
3434;35
3435;35
3436;35
3437;25
3438;35
3439;35
3440;0
3441;10
3442;18
3443;35
3444;14
3445;0
3446;5
3447;0
3448;5
3449;0
3450;0
3451;35
3452;35
3453;16
3454;0
3455;11
3456;5
3457;0
3458;0
3459;35
3460;19
3461;0
3462;0
3463;12
3464;35
3465;11
3466;0
3467;35
3468;35
3469;35
3470;35
3471;35
3472;41
3473;35
3474;35
3475;2
3476;35
3477;15
3478;0
3479;5
3480;35
3481;14
3482;20
3483;3
3484;3
3485;19
3486;0
3487;11
3488;5
3489;57
3490;35
3491;15
3492;35
3493;46
3494;40
3495;35
3496;19
3497;8
3498;17
3499;19
3500;45
3501;0
3502;5
3503;15
3504;35
3505;35
3506;56
3507;2
3508;2
3509;0
3510;0
3511;35
3512;40
3513;15
3514;0
3515;0
3516;80
3517;85
3518;35
3519;37
3520;0
3521;0
3522;43
3523;43
3524;35
3525;0
3526;0
3527;0
3528;5
3529;35
3530;7
3531;12
3532;0
3533;35
3534;51
3535;0
3536;5
3537;35
3538;70
3539;3
3540;3
3541;35
3542;35
3543;40
3544;14
3545;9
3546;2
3547;2
3548;3
3549;35
3550;55
3551;19
3552;17
3553;17
3554;48
3555;35
3556;17
3557;20
3558;35
3559;35
3560;22
3561;0
3562;0
3563;19
3564;25
3565;14
3566;2
3567;2
3568;35
3569;0
3570;18
3571;0
3572;5
3573;6
3574;38
3575;35
3576;49
3577;0
3578;5
3579;0
3580;11
3581;18
3582;16
3583;35
3584;18
3585;37
3586;37
3587;35
3588;40
3589;5
3590;5
3591;35
3592;0
3593;0
3594;35
3595;22
3596;35
3597;40
3598;0
3599;12
3600;35
3601;41
3602;16
3603;14
3604;16
3605;35
3606;0
3607;18
3608;35
3609;35
3610;35
3611;22
3612;12
3613;22
3614;35
3615;3
3616;35
3617;35
3618;35
3619;35
3620;19
3621;35
3622;35
3623;2
3624;35
3625;16
3626;19
3627;18
3628;35
3629;22
3630;35
3631;35
3632;70
3633;70
3634;35
3635;80
3636;3
3637;35
3638;35
3639;47
3640;35
3641;35
3642;2
3643;2
3644;35
3645;40
3646;35
3647;54
3648;60
3649;8
3650;22
3651;20
3652;47
3653;2
3654;35
3655;35
3656;40
3657;0
3658;5
3659;19
3660;35
3661;35
3662;13
3663;14
3664;35
3665;15
3666;0
3667;0
3668;17
3669;15
3670;0
3671;0
3672;13
3673;13
3674;17
3675;0
3676;5
3677;12
3678;35
3679;0
3680;5
3681;20
3682;24
3683;19
3684;35
3685;2
3686;2
3687;15
3688;3
3689;3
3690;3
3691;35
3692;52
3693;35
3694;0
3695;35
3696;14
3697;35
3698;70
3699;35
3700;0
3701;5
3702;0
3703;5
3704;35
3705;35
3706;0
3707;5
3708;15
3709;18
3710;23
3711;0
3712;5
3713;3
3714;35
3715;0
3716;15
3717;0
3718;0
3719;2
3720;2
3721;26
3722;35
3723;35
3724;17
3725;0
3726;39
3727;22
3728;50
3729;2
3730;2
3731;35
3732;14
3733;14
3734;17
3735;17
3736;35
3737;35
3738;22
3739;10
3740;18
3741;0
3742;13
3743;17
3744;21
3745;35
3746;15
3747;4
3748;31
3749;0
3750;5
3751;35
3752;3
3753;34
3754;35
3755;46
3756;0
3757;5
3758;2
3759;2
3760;35
3761;20
3762;3
3763;3
3764;35
3765;3
3766;23
3767;0
3768;5
3769;21
3770;35
3771;15
3772;48
3773;0
3774;0
3775;35
3776;0
3777;0
3778;17
3779;18
3780;21
3781;35
3782;13
3783;18
3784;13
3785;0
3786;0
3787;58
3788;18
3789;3
3790;35
3791;53
3792;3
3793;3
3794;35
3795;35
3796;57
3797;14
3798;0
3799;18
3800;4
3801;3
3802;3
3803;3
3804;35
3805;3
3806;0
3807;5
3808;2
3809;2
3810;11
3811;18
3812;35
3813;16
3814;20
3815;14
3816;10
3817;0
3818;11
3819;58
3820;3
3821;3
3822;17
3823;0
3824;0
3825;35
3826;0
3827;5
3828;12
3829;3
3830;3
3831;35
3832;35
3833;35
3834;70
3835;35
3836;0
3837;5
3838;35
3839;4
3840;18
3841;13
3842;35
3843;35
3844;2
3845;2
3846;29
3847;35
3848;35
3849;35
3850;13
3851;0
3852;5
3853;3
3854;3
3855;15
3856;25
3857;20
3858;26
3859;0
3860;5
3861;16
3862;0
3863;0
3864;35
3865;0
3866;53
3867;35
3868;35
3869;40
3870;14
3871;0
3872;3
3873;0
3874;5
3875;0
3876;13
3877;19
3878;0
3879;10
3880;0
3881;0
3882;0
3883;0
3884;46
3885;70
3886;14
3887;9
3888;23
3889;13
3890;17
3891;17
3892;0
3893;6
3894;16
3895;34
3896;34
3897;0
3898;14
3899;19
3900;25
3901;35
3902;12
3903;14
3904;14
3905;3
3906;10
3907;0
3908;5
3909;2
3910;2
3911;15
3912;12
3913;14
3914;8
3915;0
3916;5
3917;21
3918;35
3919;38
3920;38
3921;0
3922;11
3923;11
3924;35
3925;0
3926;35
3927;2
3928;2
3929;24
3930;36
3931;36
3932;35
3933;35
3934;54
3935;24
3936;19
3937;22
3938;9
3939;0
3940;5
3941;35
3942;35
3943;56
3944;62
3945;54
3946;35
3947;2
3948;2
3949;3
3950;23
3951;0
3952;5
3953;13
3954;35
3955;0
3956;0
3957;0
3958;0
3959;14
3960;0
3961;2
3962;2
3963;3
3964;0
3965;5
3966;35
3967;40
3968;23
3969;17
3970;35
3971;35
3972;35
3973;12
3974;35
3975;35
3976;14
3977;0
3978;0
3979;15
3980;5
3981;5
3982;3
3983;3
3984;3
3985;35
3986;11
3987;35
3988;35
3989;18
3990;35
3991;35
3992;15
3993;0
3994;5
3995;12
3996;38
3997;0
3998;38
3999;5
4000;35
4001;35
4002;35
4003;50
4004;31
4005;35
4006;40
4007;0
4008;20
4009;2
4010;35
4011;35
4012;44
4013;35
4014;35
4015;11
4016;19
4017;1
4018;22
4019;3
4020;3
4021;0
4022;0
4023;35
4024;0
4025;2
4026;17
4027;0
4028;0
4029;3
4030;3
4031;18
4032;22
4033;70
4034;70
4035;35
4036;35
4037;16
4038;17
4039;0
4040;0
4041;27
4042;13
4043;2
4044;11
4045;35
4046;35
4047;23
4048;24
4049;3
4050;35
4051;4
4052;0
4053;5
4054;20
4055;0
4056;5
4057;15
4058;70
4059;35
4060;3
4061;35
4062;0
4063;0
4064;0
4065;5
4066;11
4067;15
4068;35
4069;25
4070;0
4071;10
4072;0
4073;0
4074;35
4075;7
4076;35
4077;33
4078;0
4079;0
4080;23
4081;3
4082;35
4083;3
4084;14
4085;22
4086;2
4087;2
4088;25
4089;0
4090;35
4091;10
4092;2
4093;2
4094;52
4095;0
4096;5
4097;35
4098;35
4099;35
4100;0
4101;41
4102;3
4103;17
4104;0
4105;5
4106;35
4107;35
4108;52
4109;35
4110;0
4111;5
4112;35
4113;0
4114;5
4115;2
4116;3
4117;3
4118;35
4119;35
4120;0
4121;0
4122;16
4123;0
4124;5
4125;0
4126;0
4127;0
4128;5
4129;0
4130;5
4131;0
4132;47
4133;5
4134;35
4135;35
4136;60
4137;14
4138;26
4139;18
4140;35
4141;35
4142;25
4143;35
4144;35
4145;12
4146;9
4147;4
4148;4
4149;15
4150;35
4151;48
4152;9
4153;15
4154;16
4155;35
4156;40
4157;0
4158;5
4159;26
4160;35
4161;0
4162;0
4163;15
4164;35
4165;0
4166;5
4167;3
4168;3
4169;35
4170;0
4171;0
4172;48
4173;19
4174;12
4175;18
4176;15
4177;41
4178;9
4179;35
4180;35
4181;13
4182;0
4183;0
4184;14
4185;35
4186;35
4187;35
4188;16
4189;35
4190;0
4191;5
4192;35
4193;0
4194;15
4195;35
4196;21
4197;35
4198;0
4199;0
4200;46
4201;0
4202;0
4203;35
4204;35
4205;21
4206;21
4207;16
4208;0
4209;0
4210;5
4211;18
4212;24
4213;35
4214;20
4215;3
4216;3
4217;35
4218;16
4219;3
4220;3
4221;3
4222;3
4223;13
4224;18
4225;0
4226;5
4227;10
4228;2
4229;0
4230;0
4231;16
4232;15
4233;16
4234;0
4235;0
4236;0
4237;5
4238;15
4239;46
4240;10
4241;39
4242;35
4243;17
4244;22
4245;22
4246;18
4247;35
4248;41
4249;13
4250;35
4251;22
4252;14
4253;28
4254;19
4255;14
4256;0
4257;0
4258;9
4259;16
4260;23
4261;19
4262;15
4263;6
4264;35
4265;35
4266;40
4267;53
4268;17
4269;0
4270;5
4271;70
4272;35
4273;0
4274;0
4275;15
4276;15
4277;35
4278;11
4279;18
4280;12
4281;35
4282;0
4283;5
4284;0
4285;18
4286;35
4287;19
4288;23
4289;14
4290;0
4291;0
4292;41
4293;13
4294;35
4295;19
4296;9
4297;3
4298;3
4299;20
4300;35
4301;35
4302;17
4303;11
4304;18
4305;0
4306;5
4307;28
4308;0
4309;55
4310;22
4311;35
4312;18
4313;14
4314;13
4315;2
4316;21
4317;15
4318;35
4319;19
4320;13
4321;19
4322;14
4323;35
4324;35
4325;9
4326;16
4327;35
4328;35
4329;35
4330;23
4331;18
4332;18
4333;2
4334;0
4335;5
4336;18
4337;38
4338;3
4339;17
4340;35
4341;35
4342;35
4343;56
4344;2
4345;15
4346;20
4347;35
4348;0
4349;11
4350;5
4351;4
4352;4
4353;0
4354;5
4355;15
4356;35
4357;0
4358;5
4359;15
4360;17
4361;4
4362;49
4363;52
4364;35
4365;0
4366;5
4367;59
4368;20
4369;45
4370;18
4371;19
4372;35
4373;35
4374;42
4375;9
4376;35
4377;16
4378;15
4379;16
4380;35
4381;35
4382;35
4383;22
4384;18
4385;20
4386;0
4387;5
4388;35
4389;35
4390;52
4391;17
4392;0
4393;17
4394;35
4395;0
4396;0
4397;35
4398;40
4399;35
4400;19
4401;35
4402;16
4403;35
4404;21
4405;16
4406;0
4407;15
4408;35
4409;12
4410;0
4411;70
4412;14
4413;70
4414;11
4415;35
4416;12
4417;22
4418;35
4419;35
4420;0
4421;15
4422;13
4423;70
4424;0
4425;0
4426;19
4427;0
4428;5
4429;58
4430;35
4431;40
4432;18
4433;35
4434;15
4435;11
4436;18
4437;13
4438;0
4439;5
4440;0
4441;18
4442;21
4443;12
4444;35
4445;15
4446;35
4447;35
4448;0
4449;5
4450;2
4451;2
4452;11
4453;12
4454;35
4455;3
4456;3
4457;13
4458;35
4459;35
4460;40
4461;35
4462;35
4463;19
4464;24
4465;14
4466;1
4467;36
4468;14
4469;21
4470;16
4471;0
4472;5
4473;35
4474;0
4475;5
4476;0
4477;5
4478;35
4479;17
4480;14
4481;8
4482;12
4483;35
4484;2
4485;2
4486;2
4487;2
4488;12
4489;2
4490;35
4491;15
4492;11
4493;0
4494;5
4495;35
4496;40
4497;35
4498;40
4499;0
4500;5
4501;61
4502;0
4503;5
4504;19
4505;17
4506;19
4507;18
4508;13
4509;14
4510;35
4511;35
4512;15
4513;35
4514;56
4515;35
4516;13
4517;35
4518;12
4519;35
4520;47
4521;10
4522;0
4523;11
4524;5
4525;11
4526;35
4527;4
4528;13
4529;37
4530;18
4531;35
4532;0
4533;5
4534;0
4535;10
4536;0
4537;35
4538;35
4539;0
4540;5
4541;24
4542;3
4543;0
4544;5
4545;35
4546;35
4547;18
4548;0
4549;35
4550;35
4551;16
4552;35
4553;0
4554;5
4555;18
4556;15
4557;0
4558;5
4559;0
4560;36
4561;49
4562;52
4563;17
4564;0
4565;47
4566;0
4567;5
4568;23
4569;19
4570;0
4571;18
4572;61
4573;17
4574;2
4575;0
4576;0
4577;5
4578;14
4579;0
4580;16
4581;35
4582;14
4583;10
4584;19
4585;19
4586;12
4587;3
4588;3
4589;18
4590;0
4591;17
4592;18
4593;13
4594;19
4595;0
4596;5
4597;35
4598;35
4599;40
4600;70
4601;19
4602;35
4603;35
4604;18
4605;19
4606;0
4607;5
4608;0
4609;0
4610;10
4611;19
4612;0
4613;14
4614;0
4615;0
4616;11
4617;35
4618;41
4619;40
4620;35
4621;42
4622;18
4623;13
4624;16
4625;17
4626;0
4627;5
4628;45
4629;35
4630;18
4631;35
4632;35
4633;18
4634;35
4635;0
4636;5
4637;11
4638;35
4639;18
4640;35
4641;41
4642;35
4643;35
4644;54
4645;13
4646;0
4647;0
4648;21
4649;48
4650;0
4651;26
4652;0
4653;0
4654;16
4655;19
4656;27
4657;35
4658;35
4659;35
4660;0
4661;0
4662;16
4663;0
4664;0
4665;70
4666;12
4667;3
4668;0
4669;19
4670;0
4671;5
4672;18
4673;35
4674;15
4675;0
4676;11
4677;5
4678;35
4679;35
4680;35
4681;12
4682;35
4683;57
4684;35
4685;35
4686;43
4687;12
4688;35
4689;3
4690;3
4691;0
4692;0
4693;18
4694;13
4695;16
4696;35
4697;16
4698;35
4699;0
4700;35
4701;35
4702;35
4703;17
4704;11
4705;35
4706;35
4707;0
4708;5
4709;22
4710;13
4711;0
4712;5
4713;23
4714;14
4715;35
4716;46
4717;35
4718;18
4719;35
4720;46
4721;0
4722;5
4723;14
4724;35
4725;35
4726;35
4727;35
4728;35
4729;35
4730;22
4731;4
4732;35
4733;26
4734;0
4735;5
4736;14
4737;0
4738;0
4739;35
4740;52
4741;19
4742;35
4743;16
4744;14
4745;35
4746;35
4747;15
4748;0
4749;11
4750;5
4751;35
4752;35
4753;0
4754;0
4755;0
4756;5
4757;0
4758;0
4759;0
4760;0
4761;12
4762;0
4763;0
4764;0
4765;5
4766;35
4767;16
4768;40
4769;35
4770;35
4771;0
4772;0
4773;18
4774;4
4775;21
4776;22
4777;19
4778;19
4779;35
4780;16
4781;19
4782;19
4783;17
4784;35
4785;11
4786;0
4787;39
4788;0
4789;5
4790;0
4791;12
4792;18
4793;35
4794;20
4795;35
4796;0
4797;5
4798;8
4799;11
4800;0
4801;0
4802;12
4803;35
4804;19
4805;35
4806;0
4807;0
4808;35
4809;0
4810;17
4811;0
4812;5
4813;15
4814;40
4815;0
4816;5
4817;13
4818;35
4819;0
4820;35
4821;16
4822;19
4823;46
4824;0
4825;0
4826;0
4827;5
4828;35
4829;20
4830;23
4831;14
4832;16
4833;19
4834;0
4835;35
4836;40
4837;0
4838;5
4839;35
4840;45
4841;15
4842;0
4843;5
4844;35
4845;0
4846;5
4847;14
4848;0
4849;5
4850;11
4851;35
4852;12
4853;36
4854;0
4855;5
4856;20
4857;7
4858;35
4859;0
4860;5
4861;56
4862;13
4863;35
4864;14
4865;40
4866;4
4867;0
4868;0
4869;22
4870;2
4871;2
4872;35
4873;0
4874;48
4875;0
4876;51
4877;35
4878;6
4879;6
4880;35
4881;13
4882;13
4883;0
4884;2
4885;2
4886;0
4887;3
4888;3
4889;35
4890;43
4891;35
4892;46
4893;35
4894;35
4895;0
4896;0
4897;35
4898;46
4899;0
4900;0
4901;25
4902;12
4903;2
4904;2
4905;35
4906;35
4907;23
4908;35
4909;51
4910;9
4911;11
4912;35
4913;35
4914;24
4915;2
4916;2
4917;17
4918;35
4919;15
4920;2
4921;2
4922;3
4923;3
4924;0
4925;5
4926;35
4927;0
4928;8
4929;5
4930;31
4931;0
4932;0
4933;35
4934;3
4935;3
4936;11
4937;14
4938;3
4939;0
4940;35
4941;10
4942;21
4943;3
4944;3
4945;10
4946;35
4947;35
4948;35
4949;40
4950;35
4951;14
4952;0
4953;35
4954;35
4955;70
4956;35
4957;35
4958;0
4959;0
4960;13
4961;2
4962;2
4963;4
4964;4
4965;35
4966;41
4967;14
4968;35
4969;35
4970;17
4971;13
4972;51
4973;15
4974;17
4975;0
4976;15
4977;10
4978;19
4979;0
4980;35
4981;8
4982;31
4983;3
4984;0
4985;0
4986;22
4987;21
4988;15
4989;0
4990;0
4991;35
4992;14
4993;0
4994;0
4995;5
4996;0
4997;5
4998;0
4999;5
5000;10
5001;17
5002;35
5003;2
5004;23
5005;38
5006;3
5007;3
5008;17
5009;41
5010;14
5011;35
5012;35
5013;35
5014;21
5015;24
5016;0
5017;0
5018;16
5019;3
5020;35
5021;35
5022;48
5023;54
5024;2
5025;2
5026;15
5027;17
5028;14
5029;35
5030;35
5031;40
5032;19
5033;17
5034;35
5035;0
5036;5
5037;0
5038;35
5039;15
5040;46
5041;0
5042;21
5043;13
5044;12
5045;14
5046;11
5047;0
5048;0
5049;35
5050;35
5051;0
5052;16
5053;24
5054;26
5055;21
5056;10
5057;0
5058;39
5059;11
5060;5
5061;0
5062;0
5063;0
5064;5
5065;35
5066;35
5067;3
5068;3
5069;35
5070;26
5071;14
5072;0
5073;35
5074;21
5075;16
5076;35
5077;0
5078;35
5079;0
5080;11
5081;5
5082;35
5083;40
5084;23
5085;0
5086;5
5087;0
5088;5
5089;35
5090;35
5091;18
5092;11
5093;17
5094;17
5095;13
5096;0
5097;0
5098;28
5099;19
5100;35
5101;0
5102;0
5103;0
5104;18
5105;5
5106;35
5107;43
5108;23
5109;35
5110;40
5111;0
5112;0
5113;0
5114;49
5115;5
5116;0
5117;0
5118;35
5119;14
5120;16
5121;35
5122;35
5123;56
5124;14
5125;21
5126;35
5127;35
5128;55
5129;35
5130;22
5131;0
5132;0
5133;18
5134;14
5135;17
5136;0
5137;0
5138;35
5139;35
5140;35
5141;15
5142;35
5143;35
5144;35
5145;18
5146;0
5147;5
5148;35
5149;0
5150;35
5151;11
5152;5
5153;35
5154;3
5155;3
5156;0
5157;5
5158;16
5159;42
5160;0
5161;0
5162;0
5163;0
5164;5
5165;18
5166;35
5167;46
5168;2
5169;2
5170;0
5171;5
5172;35
5173;35
5174;55
5175;0
5176;5
5177;3
5178;3
5179;15
5180;35
5181;0
5182;37
5183;37
5184;35
5185;35
5186;15
5187;13
5188;0
5189;0
5190;23
5191;35
5192;35
5193;35
5194;70
5195;3
5196;3
5197;2
5198;2
5199;35
5200;14
5201;18
5202;0
5203;5
5204;35
5205;8
5206;35
5207;11
5208;35
5209;0
5210;5
5211;0
5212;5
5213;0
5214;0
5215;35
5216;36
5217;35
5218;32
5219;18
5220;0
5221;0
5222;2
5223;13
5224;0
5225;0
5226;11
5227;35
5228;35
5229;6
5230;6
5231;70
5232;75
5233;16
5234;12
5235;0
5236;0
5237;70
5238;35
5239;14
5240;3
5241;0
5242;0
5243;3
5244;3
5245;22
5246;22
5247;10
5248;0
5249;53
5250;18
5251;35
5252;40
5253;0
5254;21
5255;0
5256;11
5257;5
5258;2
5259;2
5260;0
5261;0
5262;8
5263;0
5264;0
5265;0
5266;5
5267;18
5268;35
5269;35
5270;21
5271;35
5272;0
5273;5
5274;17
5275;26
5276;0
5277;0
5278;35
5279;19
5280;22
5281;21
5282;0
5283;35
5284;35
5285;2
5286;11
5287;19
5288;14
5289;3
5290;3
5291;0
5292;24
5293;0
5294;5
5295;3
5296;0
5297;5
5298;35
5299;35
5300;40
5301;0
5302;0
5303;16
5304;35
5305;35
5306;0
5307;0
5308;19
5309;0
5310;5
5311;0
5312;5
5313;38
5314;0
5315;0
5316;24
5317;13
5318;0
5319;0
5320;22
5321;0
5322;35
5323;3
5324;3
5325;19
5326;2
5327;35
5328;40
5329;37
5330;37
5331;35
5332;17
5333;0
5334;5
5335;17
5336;35
5337;35
5338;0
5339;5
5340;35
5341;0
5342;19
5343;35
5344;35
5345;22
5346;3
5347;3
5348;4
5349;4
5350;22
5351;0
5352;5
5353;0
5354;0
5355;35
5356;11
5357;13
5358;18
5359;14
5360;2
5361;19
5362;70
5363;53
5364;0
5365;5
5366;0
5367;0
5368;12
5369;35
5370;0
5371;0
5372;35
5373;35
5374;0
5375;0
5376;35
5377;11
5378;2
5379;0
5380;0
5381;4
5382;4
5383;35
5384;17
5385;2
5386;2
5387;35
5388;42
5389;35
5390;12
5391;12
5392;55
5393;35
5394;38
5395;20
5396;35
5397;17
5398;26
5399;70
5400;76
5401;19
5402;70
5403;35
5404;35
5405;49
5406;35
5407;40
5408;0
5409;0
5410;35
5411;16
5412;17
5413;0
5414;35
5415;35
5416;0
5417;0
5418;19
5419;3
5420;3
5421;35
5422;0
5423;0
5424;60
5425;0
5426;0
5427;35
5428;22
5429;16
5430;35
5431;0
5432;5
5433;35
5434;17
5435;0
5436;35
5437;42
5438;0
5439;5
5440;54
5441;13
5442;2
5443;70
5444;14
5445;0
5446;5
5447;35
5448;35
5449;35
5450;40
5451;0
5452;0
5453;35
5454;15
5455;0
5456;0
5457;51
5458;0
5459;12
5460;49
5461;13
5462;13
5463;35
5464;52
5465;70
5466;35
5467;52
5468;39
5469;3
5470;3
5471;22
5472;35
5473;3
5474;35
5475;40
5476;16
5477;4
5478;56
5479;13
5480;18
5481;35
5482;35
5483;30
5484;12
5485;20
5486;24
5487;39
5488;2
5489;2
5490;2
5491;18
5492;3
5493;3
5494;18
5495;16
5496;2
5497;2
5498;11
5499;70
5500;35
5501;35
5502;16
5503;0
5504;22
5505;16
5506;14
5507;9
5508;2
5509;2
5510;11
5511;0
5512;0
5513;35
5514;35
5515;40
5516;35
5517;40
5518;14
5519;11
5520;35
5521;40
5522;35
5523;0
5524;0
5525;35
5526;51
5527;0
5528;5
5529;0
5530;5
5531;16
5532;4
5533;0
5534;5
5535;15
5536;0
5537;0
5538;0
5539;49
5540;0
5541;5
5542;0
5543;5
5544;10
5545;14
5546;22
5547;21
5548;16
5549;35
5550;35
5551;56
5552;19
5553;0
5554;5
5555;35
5556;46
5557;15
5558;18
5559;0
5560;0
5561;35
5562;40
5563;35
5564;3
5565;3
5566;0
5567;0
5568;35
5569;35
5570;25
5571;14
5572;2
5573;2
5574;35
5575;35
5576;41
5577;70
5578;4
5579;4
5580;16
5581;0
5582;10
5583;16
5584;19
5585;35
5586;40
5587;31
5588;18
5589;0
5590;18
5591;3
5592;3
5593;43
5594;2
5595;2
5596;35
5597;0
5598;5
5599;35
5600;0
5601;14
5602;0
5603;11
5604;5
5605;17
5606;15
5607;0
5608;5
5609;18
5610;14
5611;13
5612;0
5613;5
5614;35
5615;70
5616;35
5617;0
5618;17
5619;35
5620;0
5621;3
5622;3
5623;35
5624;41
5625;2
5626;2
5627;0
5628;0
5629;0
5630;5
5631;11
5632;11
5633;35
5634;35
5635;0
5636;5
5637;11
5638;0
5639;5
5640;0
5641;49
5642;35
5643;35
5644;10
5645;10
5646;35
5647;57
5648;24
5649;36
5650;19
5651;35
5652;3
5653;4
5654;15
5655;16
5656;13
5657;16
5658;35
5659;35
5660;21
5661;2
5662;2
5663;14
5664;43
5665;35
5666;25
5667;2
5668;2
5669;0
5670;0
5671;35
5672;21
5673;12
5674;0
5675;5
5676;35
5677;40
5678;19
5679;22
5680;13
5681;19
5682;2
5683;13
5684;35
5685;35
5686;35
5687;35
5688;35
5689;0
5690;0
5691;35
5692;35
5693;35
5694;35
5695;48
5696;0
5697;0
5698;0
5699;5
5700;20
5701;55
5702;19
5703;19
5704;10
5705;2
5706;0
5707;5
5708;35
5709;35
5710;2
5711;7
5712;70
5713;77
5714;12
5715;17
5716;15
5717;5
5718;35
5719;35
5720;21
5721;2
5722;2
5723;2
5724;14
5725;15
5726;0
5727;22
5728;35
5729;35
5730;42
5731;35
5732;5
5733;35
5734;14
5735;13
5736;0
5737;48
5738;5
5739;18
5740;15
5741;7
5742;22
5743;35
5744;17
5745;0
5746;41
5747;41
5748;35
5749;19
5750;20
5751;17
5752;3
5753;0
5754;35
5755;35
5756;2
5757;16
5758;45
5759;35
5760;14
5761;41
5762;0
5763;5
5764;0
5765;46
5766;5
5767;18
5768;6
5769;2
5770;2
5771;2
5772;2
5773;14
5774;14
5775;35
5776;35
5777;0
5778;10
5779;36
5780;35
5781;40
5782;35
5783;35
5784;35
5785;50
5786;14
5787;50
5788;19
5789;35
5790;21
5791;12
5792;0
5793;13
5794;12
5795;0
5796;0
5797;35
5798;40
5799;2
5800;35
5801;35
5802;0
5803;5
5804;35
5805;35
5806;23
5807;19
5808;19
5809;52
5810;6
5811;6
5812;3
5813;0
5814;18
5815;35
5816;41
5817;17
5818;0
5819;0
5820;15
5821;5
5822;5
5823;35
5824;35
5825;12
5826;18
5827;14
5828;21
5829;35
5830;35
5831;70
5832;3
5833;12
5834;15
5835;49
5836;11
5837;35
5838;13
5839;0
5840;0
5841;12
5842;35
5843;16
5844;9
5845;17
5846;0
5847;5
5848;14
5849;35
5850;3
5851;3
5852;11
5853;35
5854;0
5855;15
5856;14
5857;0
5858;5
5859;15
5860;2
5861;15
5862;15
5863;2
5864;2
5865;35
5866;40
5867;18
5868;0
5869;18
5870;35
5871;17
5872;35
5873;0
5874;5
5875;2
5876;2
5877;35
5878;40
5879;35
5880;0
5881;10
5882;50
5883;0
5884;17
5885;22
5886;0
5887;0
5888;35
5889;10
5890;14
5891;0
5892;0
5893;5
5894;0
5895;23
5896;18
5897;14
5898;0
5899;17
5900;0
5901;13
5902;19
5903;0
5904;31
5905;35
5906;40
5907;18
5908;41
5909;35
5910;35
5911;3
5912;3
5913;0
5914;0
5915;2
5916;2
5917;3
5918;51
5919;55
5920;13
5921;0
5922;0
5923;18
5924;14
5925;16
5926;18
5927;35
5928;35
5929;2
5930;2
5931;0
5932;5
5933;14
5934;35
5935;35
5936;35
5937;35
5938;3
5939;3
5940;21
5941;11
5942;37
5943;37
5944;0
5945;2
5946;2
5947;0
5948;35
5949;35
5950;40
5951;15
5952;0
5953;5
5954;57
5955;35
5956;35
5957;0
5958;5
5959;0
5960;35
5961;18
5962;18
5963;36
5964;35
5965;35
5966;17
5967;13
5968;35
5969;0
5970;35
5971;18
5972;0
5973;8
5974;5
5975;18
5976;50
5977;0
5978;0
5979;5
5980;21
5981;35
5982;8
5983;20
5984;22
5985;0
5986;18
5987;38
5988;49
5989;35
5990;35
5991;0
5992;5
5993;35
5994;35
5995;22
5996;0
5997;5
5998;35
5999;35
6000;35
6001;12
6002;3
6003;0
6004;5
6005;35
6006;35
6007;0
6008;0
6009;48
6010;5
6011;0
6012;0
6013;35
6014;35
6015;51
6016;2
6017;2
6018;35
6019;35
6020;0
6021;5
6022;3
6023;3
6024;22
6025;15
6026;41
6027;3
6028;3
6029;2
6030;2
6031;32
6032;18
6033;14
6034;0
6035;0
6036;35
6037;0
6038;0
6039;19
6040;11
6041;12
6042;2
6043;0
6044;38
6045;35
6046;4
6047;14
6048;51
6049;35
6050;4
6051;35
6052;16
6053;20
6054;51
6055;35
6056;35
6057;55
6058;20
6059;11
6060;35
6061;35
6062;0
6063;0
6064;17
6065;6
6066;0
6067;17
6068;35
6069;35
6070;3
6071;3
6072;0
6073;5
6074;0
6075;21
6076;14
6077;0
6078;5
6079;15
6080;0
6081;0
6082;22
6083;13
6084;35
6085;0
6086;5
6087;0
6088;5
6089;15
6090;2
6091;2
6092;35
6093;35
6094;14
6095;0
6096;0
6097;35
6098;0
6099;5
6100;19
6101;0
6102;0
6103;25
6104;4
6105;11
6106;17
6107;35
6108;40
6109;0
6110;0
6111;53
6112;35
6113;0
6114;0
6115;3
6116;3
6117;17
6118;35
6119;47
6120;35
6121;35
6122;0
6123;35
6124;5
6125;0
6126;5
6127;14
6128;35
6129;19
6130;35
6131;35
6132;11
6133;23
6134;0
6135;35
6136;0
6137;5
6138;15
6139;0
6140;0
6141;5
6142;35
6143;70
6144;2
6145;2
6146;19
6147;17
6148;36
6149;27
6150;14
6151;37
6152;37
6153;0
6154;5
6155;59
6156;65
6157;11
6158;24
6159;0
6160;11
6161;5
6162;0
6163;0
6164;3
6165;3
6166;35
6167;35
6168;2
6169;2
6170;12
6171;0
6172;5
6173;15
6174;7
6175;16
6176;12
6177;35
6178;40
6179;17
6180;13
6181;0
6182;0
6183;0
6184;41
6185;0
6186;0
6187;0
6188;17
6189;17
6190;0
6191;0
6192;35
6193;20
6194;19
6195;10
6196;0
6197;35
6198;47
6199;16
6200;19
6201;0
6202;5
6203;35
6204;21
6205;22
6206;35
6207;16
6208;35
6209;0
6210;0
6211;35
6212;35
6213;0
6214;0
6215;35
6216;9
6217;35
6218;0
6219;0
6220;13
6221;0
6222;0
6223;0
6224;0
6225;0
6226;5
6227;13
6228;0
6229;5
6230;4
6231;0
6232;2
6233;2
6234;0
6235;0
6236;15
6237;38
6238;0
6239;35
6240;35
6241;35
6242;11
6243;17
6244;6
6245;6
6246;0
6247;0
6248;35
6249;46
6250;15
6251;35
6252;35
6253;40
6254;13
6255;35
6256;18
6257;0
6258;5
6259;2
6260;2
6261;35
6262;13
6263;0
6264;16
6265;0
6266;35
6267;0
6268;42
6269;15
6270;35
6271;35
6272;19
6273;0
6274;3
6275;0
6276;5
6277;16
6278;0
6279;14
6280;0
6281;5
6282;0
6283;0
6284;45
6285;35
6286;16
6287;35
6288;13
6289;0
6290;5
6291;0
6292;70
6293;35
6294;3
6295;15
6296;0
6297;48
6298;35
6299;26
6300;36
6301;35
6302;44
6303;44
6304;35
6305;18
6306;35
6307;35
6308;0
6309;0
6310;0
6311;35
6312;10
6313;21
6314;15
6315;35
6316;22
6317;35
6318;35
6319;56
6320;35
6321;15
6322;35
6323;35
6324;35
6325;35
6326;41
6327;0
6328;46
6329;5
6330;35
6331;35
6332;18
6333;35
6334;40
6335;35
6336;51
6337;15
6338;51
6339;57
6340;0
6341;5
6342;22
6343;35
6344;26
6345;11
6346;0
6347;5
6348;0
6349;19
6350;35
6351;35
6352;35
6353;35
6354;12
6355;13
6356;35
6357;40
6358;21
6359;13
6360;35
6361;18
6362;19
6363;22
6364;40
6365;35
6366;35
6367;9
6368;14
6369;36
6370;53
6371;35
6372;40
6373;50
6374;61
6375;0
6376;5
6377;13
6378;17
6379;10
6380;21
6381;10
6382;10
6383;35
6384;35
6385;3
6386;16
6387;18
6388;0
6389;0
6390;70
6391;2
6392;11
6393;3
6394;3
6395;0
6396;10
6397;18
6398;43
6399;35
6400;2
6401;2
6402;0
6403;0
6404;0
6405;5
6406;0
6407;5
6408;53
6409;35
6410;0
6411;5
6412;35
6413;16
6414;2
6415;38
6416;38
6417;35
6418;15
6419;18
6420;0
6421;0
6422;44
6423;35
6424;15
6425;36
6426;35
6427;0
6428;0
6429;5
6430;35
6431;35
6432;0
6433;19
6434;35
6435;40
6436;46
6437;46
6438;25
6439;35
6440;11
6441;35
6442;26
6443;0
6444;10
6445;23
6446;0
6447;5
6448;19
6449;0
6450;5
6451;0
6452;35
6453;0
6454;35
6455;0
6456;0
6457;12
6458;43
6459;3
6460;3
6461;2
6462;15
6463;35
6464;1
6465;1
6466;0
6467;54
6468;0
6469;3
6470;35
6471;40
6472;27
6473;11
6474;18
6475;21
6476;0
6477;0
6478;37
6479;37
6480;14
6481;35
6482;36
6483;35
6484;44
6485;35
6486;35
6487;35
6488;35
6489;35
6490;35
6491;40
6492;35
6493;16
6494;18
6495;3
6496;3
6497;3
6498;3
6499;0
6500;5
6501;11
6502;19
6503;35
6504;70
6505;76
6506;35
6507;12
6508;35
6509;14
6510;12
6511;35
6512;14
6513;0
6514;3
6515;35
6516;0
6517;0
6518;19
6519;41
6520;28
6521;2
6522;0
6523;0
6524;48
6525;9
6526;3
6527;3
6528;19
6529;35
6530;19
6531;40
6532;0
6533;5
6534;55
6535;18
6536;0
6537;5
6538;14
6539;3
6540;3
6541;0
6542;5
6543;2
6544;2
6545;18
6546;35
6547;17
6548;16
6549;2
6550;2
6551;0
6552;0
6553;2
6554;22
6555;35
6556;35
6557;48
6558;35
6559;14
6560;0
6561;5
6562;35
6563;3
6564;13
6565;13
6566;0
6567;5
6568;0
6569;5
6570;35
6571;41
6572;0
6573;5
6574;18
6575;35
6576;0
6577;5
6578;16
6579;27
6580;17
6581;16
6582;0
6583;5
6584;23
6585;35
6586;35
6587;35
6588;0
6589;10
6590;72
6591;16
6592;20
6593;0
6594;5
6595;0
6596;13
6597;35
6598;35
6599;35
6600;62
6601;40
6602;35
6603;0
6604;35
6605;35
6606;18
6607;19
6608;35
6609;35
6610;50
6611;0
6612;0
6613;35
6614;17
6615;3
6616;8
6617;8
6618;0
6619;15
6620;0
6621;35
6622;35
6623;35
6624;0
6625;0
6626;2
6627;2
6628;70
6629;70
6630;19
6631;2
6632;12
6633;13
6634;0
6635;10
6636;22
6637;35
6638;51
6639;35
6640;40
6641;2
6642;2
6643;35
6644;0
6645;0
6646;35
6647;0
6648;5
6649;0
6650;5
6651;0
6652;35
6653;13
6654;0
6655;47
6656;18
6657;18
6658;0
6659;0
6660;35
6661;35
6662;16
6663;0
6664;5
6665;19
6666;35
6667;2
6668;2
6669;0
6670;85
6671;0
6672;5
6673;18
6674;35
6675;4
6676;16
6677;35
6678;12
6679;10
6680;54
6681;35
6682;21
6683;22
6684;3
6685;3
6686;14
6687;0
6688;5
6689;0
6690;0
6691;22
6692;53
6693;0
6694;10
6695;3
6696;3
6697;20
6698;21
6699;10
6700;35
6701;15
6702;0
6703;5
6704;3
6705;25
6706;0
6707;0
6708;50
6709;11
6710;5
6711;0
6712;0
6713;0
6714;11
6715;5
6716;35
6717;40
6718;13
6719;0
6720;5
6721;0
6722;5
6723;0
6724;0
6725;18
6726;35
6727;0
6728;0
6729;0
6730;50
6731;0
6732;5
6733;35
6734;14
6735;0
6736;46
6737;35
6738;13
6739;0
6740;19
6741;35
6742;40
6743;0
6744;0
6745;14
6746;15
6747;35
6748;0
6749;0
6750;35
6751;47
6752;20
6753;18
6754;38
6755;11
6756;70
6757;0
6758;70
6759;5
6760;93
6761;35
6762;7
6763;14
6764;17
6765;35
6766;35
6767;0
6768;70
6769;0
6770;5
6771;28
6772;16
6773;24
6774;35
6775;0
6776;0
6777;0
6778;18
6779;18
6780;42
6781;35
6782;40
6783;4
6784;35
6785;17
6786;35
6787;0
6788;5
6789;19
6790;3
6791;3
6792;51
6793;0
6794;51
6795;45
6796;25
6797;35
6798;16
6799;22
6800;44
6801;35
6802;3
6803;3
6804;0
6805;15
6806;21
6807;2
6808;2
6809;35
6810;52
6811;12
6812;0
6813;0
6814;35
6815;18
6816;3
6817;3
6818;18
6819;3
6820;3
6821;0
6822;5
6823;13
6824;18
6825;19
6826;35
6827;35
6828;0
6829;5
6830;35
6831;48
6832;20
6833;12
6834;3
6835;35
6836;4
6837;35
6838;2
6839;11
6840;2
6841;2
6842;35
6843;35
6844;35
6845;31
6846;35
6847;17
6848;14
6849;18
6850;0
6851;0
6852;42
6853;18
6854;0
6855;0
6856;35
6857;1
6858;6
6859;0
6860;6
6861;16
6862;14
6863;13
6864;35
6865;0
6866;11
6867;5
6868;35
6869;35
6870;35
6871;16
6872;50
6873;35
6874;35
6875;0
6876;0
6877;11
6878;5
6879;3
6880;3
6881;21
6882;0
6883;5
6884;53
6885;0
6886;5
6887;2
6888;0
6889;5
6890;16
6891;0
6892;0
6893;0
6894;0
6895;70
6896;31
6897;12
6898;23
6899;14
6900;35
6901;39
6902;10
6903;35
6904;62
6905;70
6906;19
6907;15
6908;10
6909;35
6910;35
6911;0
6912;16
6913;0
6914;35
6915;35
6916;0
6917;5
6918;15
6919;15
6920;2
6921;2
6922;0
6923;5
6924;23
6925;0
6926;5
6927;16
6928;14
6929;14
6930;7
6931;12
6932;35
6933;35
6934;18
6935;35
6936;35
6937;14
6938;3
6939;0
6940;5
6941;14
6942;35
6943;0
6944;42
6945;35
6946;35
6947;35
6948;35
6949;0
6950;5
6951;0
6952;0
6953;5
6954;42
6955;38
6956;38
6957;4
6958;0
6959;19
6960;19
6961;38
6962;35
6963;21
6964;0
6965;5
6966;0
6967;5
6968;0
6969;16
6970;35
6971;11
6972;25
6973;35
6974;0
6975;35
6976;10
6977;35
6978;35
6979;0
6980;22
6981;14
6982;35
6983;35
6984;0
6985;5
6986;12
6987;12
6988;0
6989;0
6990;27
6991;12
6992;3
6993;0
6994;0
6995;21
6996;0
6997;5
6998;35
6999;0
7000;35
7001;15
7002;22
7003;19
7004;0
7005;5
7006;0
7007;10
7008;15
7009;0
7010;5
7011;16
7012;35
7013;35
7014;35
7015;40
7016;5
7017;5
7018;0
7019;5
7020;16
7021;0
7022;5
7023;18
7024;10
7025;20
7026;10
7027;22
7028;35
7029;56
7030;35
7031;25
7032;0
7033;3
7034;0
7035;48
7036;23
7037;18
7038;0
7039;10
7040;12
7041;0
7042;22
7043;4
7044;2
7045;21
7046;0
7047;10
7048;4
7049;35
7050;0
7051;56
7052;5
7053;8
7054;6
7055;35
7056;35
7057;0
7058;16
7059;0
7060;35
7061;3
7062;35
7063;35
7064;54
7065;3
7066;35
7067;18
7068;2
7069;2
7070;0
7071;0
7072;47
7073;27
7074;35
7075;0
7076;0
7077;0
7078;44
7079;18
7080;18
7081;2
7082;2
7083;20
7084;18
7085;35
7086;0
7087;14
7088;35
7089;3
7090;3
7091;35
7092;35
7093;0
7094;5
7095;3
7096;25
7097;9
7098;0
7099;35
7100;14
7101;35
7102;35
7103;71
7104;35
7105;10
7106;8
7107;35
7108;0
7109;0
7110;70
7111;13
7112;35
7113;0
7114;20
7115;35
7116;35
7117;17
7118;13
7119;14
7120;0
7121;0
7122;37
7123;52
7124;42
7125;11
7126;12
7127;17
7128;0
7129;0
7130;70
7131;35
7132;8
7133;3
7134;3
7135;35
7136;41
7137;21
7138;0
7139;16
7140;35
7141;35
7142;35
7143;35
7144;5
7145;5
7146;35
7147;35
7148;12
7149;50
7150;16
7151;11
7152;14
7153;0
7154;20
7155;35
7156;42
7157;15
7158;35
7159;19
7160;15
7161;3
7162;12
7163;35
7164;35
7165;41
7166;16
7167;24
7168;22
7169;22
7170;35
7171;46
7172;40
7173;14
7174;0
7175;5
7176;9
7177;35
7178;35
7179;23
7180;35
7181;35
7182;53
7183;54
7184;0
7185;54
7186;70
7187;76
7188;35
7189;0
7190;0
7191;16
7192;18
7193;0
7194;5
7195;20
7196;20
7197;0
7198;5
7199;35
7200;35
7201;3
7202;3
7203;0
7204;5
7205;15
7206;35
7207;35
7208;15
7209;20
7210;12
7211;35
7212;22
7213;22
7214;0
7215;5
7216;35
7217;0
7218;0
7219;35
7220;22
7221;14
7222;13
7223;25
7224;19
7225;35
7226;0
7227;0
7228;5
7229;19
7230;9
7231;18
7232;15
7233;18
7234;0
7235;5
7236;38
7237;0
7238;0
7239;35
7240;35
7241;35
7242;35
7243;21
7244;35
7245;35
7246;35
7247;44
7248;35
7249;40
7250;40
7251;2
7252;2
7253;0
7254;0
7255;50
7256;12
7257;27
7258;49
7259;5
7260;44
7261;35
7262;35
7263;17
7264;15
7265;0
7266;0
7267;3
7268;3
7269;19
7270;19
7271;0
7272;35
7273;21
7274;0
7275;5
7276;16
7277;0
7278;0
7279;84
7280;70
7281;0
7282;18
7283;35
7284;15
7285;20
7286;11
7287;35
7288;19
7289;19
7290;17
7291;2
7292;2
7293;14
7294;15
7295;35
7296;14
7297;35
7298;35
7299;35
7300;35
7301;8
7302;35
7303;35
7304;0
7305;0
7306;14
7307;35
7308;3
7309;3
7310;0
7311;5
7312;14
7313;17
7314;10
7315;37
7316;0
7317;2
7318;2
7319;0
7320;0
7321;35
7322;35
7323;17
7324;3
7325;3
7326;35
7327;14
7328;15
7329;35
7330;35
7331;41
7332;24
7333;21
7334;21
7335;0
7336;17
7337;20
7338;22
7339;9
7340;0
7341;5
7342;17
7343;35
7344;18
7345;20
7346;0
7347;35
7348;0
7349;35
7350;35
7351;41
7352;15
7353;27
7354;15
7355;0
7356;0
7357;58
7358;0
7359;5
7360;17
7361;35
7362;15
7363;35
7364;25
7365;10
7366;22
7367;16
7368;2
7369;19
7370;35
7371;14
7372;35
7373;35
7374;35
7375;35
7376;53
7377;59
7378;3
7379;3
7380;3
7381;13
7382;35
7383;9
7384;35
7385;35
7386;70
7387;16
7388;10
7389;0
7390;0
7391;3
7392;3
7393;0
7394;5
7395;3
7396;3
7397;0
7398;0
7399;4
7400;36
7401;26
7402;35
7403;26
7404;0
7405;26
7406;5
7407;16
7408;6
7409;48
7410;64
7411;12
7412;22
7413;44
7414;35
7415;37
7416;0
7417;37
7418;5
7419;4
7420;28
7421;13
7422;18
7423;35
7424;35
7425;14
7426;20
7427;5
7428;35
7429;11
7430;21
7431;17
7432;21
7433;3
7434;3
7435;35
7436;35
7437;2
7438;12
7439;14
7440;0
7441;35
7442;14
7443;0
7444;5
7445;0
7446;11
7447;5
7448;55
7449;9
7450;9
7451;0
7452;0
7453;15
7454;37
7455;37
7456;0
7457;5
7458;35
7459;48
7460;36
7461;15
7462;43
7463;35
7464;41
7465;35
7466;41
7467;14
7468;0
7469;5
7470;15
7471;10
7472;18
7473;12
7474;35
7475;35
7476;15
7477;22
7478;35
7479;35
7480;35
7481;36
7482;35
7483;21
7484;0
7485;5
7486;53
7487;35
7488;35
7489;0
7490;0
7491;19
7492;0
7493;0
7494;18
7495;0
7496;0
7497;0
7498;2
7499;2
7500;17
7501;0
7502;5
7503;35
7504;40
7505;17
7506;35
7507;12
7508;22
7509;3
7510;3
7511;35
7512;35
7513;52
7514;0
7515;5
7516;10
7517;2
7518;2
7519;14
7520;0
7521;0
7522;26
7523;22
7524;22
7525;11
7526;15
7527;35
7528;41
7529;0
7530;5
7531;35
7532;35
7533;59
7534;35
7535;14
7536;0
7537;11
7538;5
7539;0
7540;15
7541;0
7542;35
7543;35
7544;0
7545;5
7546;35
7547;2
7548;2
7549;0
7550;37
7551;37
7552;10
7553;0
7554;0
7555;5
7556;0
7557;35
7558;35
7559;35
7560;13
7561;35
7562;45
7563;43
7564;20
7565;7
7566;3
7567;3
7568;0
7569;5
7570;13
7571;22
7572;35
7573;35
7574;35
7575;41
7576;54
7577;15
7578;3
7579;3
7580;0
7581;0
7582;35
7583;35
7584;12
7585;70
7586;0
7587;5
7588;35
7589;51
7590;14
7591;35
7592;35
7593;50
7594;0
7595;0
7596;8
7597;8
7598;0
7599;14
7600;35
7601;35
7602;52
7603;59
7604;45
7605;0
7606;14
7607;35
7608;35
7609;58
7610;36
7611;9
7612;13
7613;14
7614;35
7615;14
7616;0
7617;5
7618;15
7619;35
7620;35
7621;27
7622;0
7623;5
7624;54
7625;3
7626;35
7627;38
7628;0
7629;0
7630;0
7631;5
7632;0
7633;0
7634;0
7635;5
7636;0
7637;5
7638;13
7639;35
7640;35
7641;0
7642;0
7643;0
7644;0
7645;8
7646;49
7647;16
7648;13
7649;16
7650;0
7651;5
7652;14
7653;19
7654;0
7655;0
7656;69
7657;74
7658;35
7659;24
7660;14
7661;0
7662;5
7663;3
7664;35
7665;40
7666;14
7667;41
7668;13
7669;18
7670;13
7671;15
7672;35
7673;0
7674;16
7675;19
7676;35
7677;22
7678;0
7679;35
7680;13
7681;35
7682;0
7683;15
7684;0
7685;14
7686;23
7687;18
7688;51
7689;0
7690;0
7691;15
7692;35
7693;4
7694;3
7695;3
7696;21
7697;27
7698;2
7699;2
7700;35
7701;35
7702;35
7703;35
7704;70
7705;0
7706;70
7707;93
7708;35
7709;0
7710;16
7711;15
7712;10
7713;46
7714;35
7715;35
7716;19
7717;0
7718;13
7719;2
7720;2
7721;0
7722;0
7723;0
7724;5
7725;35
7726;14
7727;22
7728;17
7729;0
7730;0
7731;0
7732;14
7733;16
7734;0
7735;2
7736;2
7737;35
7738;43
7739;17
7740;35
7741;2
7742;2
7743;17
7744;19
7745;35
7746;35
7747;2
7748;2
7749;35
7750;41
7751;2
7752;0
7753;0
7754;10
7755;29
7756;19
7757;35
7758;70
7759;9
7760;35
7761;41
7762;2
7763;2
7764;8
7765;28
7766;35
7767;35
7768;16
7769;35
7770;40
7771;37
7772;37
7773;16
7774;35
7775;40
7776;2
7777;2
7778;54
7779;22
7780;0
7781;0
7782;14
7783;21
7784;41
7785;3
7786;3
7787;19
7788;4
7789;4
7790;3
7791;0
7792;5
7793;0
7794;5
7795;39
7796;0
7797;10
7798;0
7799;2
7800;2
7801;15
7802;0
7803;50
7804;5
7805;35
7806;35
7807;35
7808;21
7809;15
7810;15
7811;35
7812;19
7813;0
7814;0
7815;43
7816;31
7817;48
7818;35
7819;35
7820;78
7821;70
7822;35
7823;0
7824;25
7825;2
7826;2
7827;37
7828;0
7829;35
7830;13
7831;0
7832;5
7833;0
7834;5
7835;35
7836;3
7837;35
7838;42
7839;20
7840;12
7841;35
7842;35
7843;15
7844;48
7845;35
7846;35
7847;15
7848;0
7849;0
7850;0
7851;13
7852;12
7853;12
7854;35
7855;49
7856;0
7857;35
7858;23
7859;35
7860;16
7861;13
7862;17
7863;0
7864;5
7865;37
7866;0
7867;5
7868;16
7869;35
7870;35
7871;14
7872;21
7873;13
7874;18
7875;1
7876;19
7877;20
7878;0
7879;5
7880;22
7881;0
7882;0
7883;18
7884;35
7885;35
7886;0
7887;40
7888;47
7889;35
7890;35
7891;35
7892;0
7893;5
7894;13
7895;11
7896;16
7897;0
7898;5
7899;3
7900;3
7901;35
7902;35
7903;10
7904;0
7905;19
7906;28
7907;20
7908;23
7909;0
7910;10
7911;35
7912;35
7913;4
7914;18
7915;21
7916;44
7917;34
7918;25
7919;35
7920;6
7921;0
7922;5
7923;35
7924;35
7925;62
7926;19
7927;35
7928;0
7929;5
7930;13
7931;3
7932;0
7933;35
7934;3
7935;15
7936;11
7937;58
7938;15
7939;43
7940;0
7941;0
7942;70
7943;5
7944;86
7945;92
7946;56
7947;13
7948;11
7949;10
7950;0
7951;35
7952;35
7953;12
7954;2
7955;0
7956;0
7957;26
7958;24
7959;13
7960;0
7961;5
7962;0
7963;0
7964;0
7965;5
7966;2
7967;2
7968;0
7969;5
7970;13
7971;16
7972;0
7973;11
7974;5
7975;35
7976;35
7977;35
7978;35
7979;35
7980;35
7981;70
7982;35
7983;14
7984;2
7985;2
7986;3
7987;4
7988;4
7989;3
7990;3
7991;16
7992;4
7993;4
7994;2
7995;2
7996;35
7997;0
7998;35
7999;10
8000;35
8001;40
8002;0
8003;5
8004;18
8005;0
8006;0
8007;59
8008;35
8009;15
8010;70
8011;35
8012;35
8013;0
8014;3
8015;12
8016;35
8017;18
8018;13
8019;0
8020;35
8021;0
8022;5
8023;61
8024;70
8025;21
8026;14
8027;15
8028;17
8029;46
8030;2
8031;2
8032;12
8033;0
8034;0
8035;0
8036;70
8037;22
8038;35
8039;0
8040;14
8041;15
8042;0
8043;0
8044;35
8045;0
8046;0
8047;2
8048;2
8049;0
8050;0
8051;35
8052;35
8053;0
8054;0
8055;22
8056;19
8057;0
8058;61
8059;35
8060;35
8061;42
8062;35
8063;35
8064;35
8065;41
8066;52
8067;35
8068;18
8069;54
8070;35
8071;0
8072;3
8073;0
8074;0
8075;35
8076;11
8077;35
8078;23
8079;35
8080;0
8081;5
8082;0
8083;5
8084;35
8085;41
8086;0
8087;0
8088;0
8089;35
8090;70
8091;35
8092;21
8093;35
8094;40
8095;20
8096;14
8097;2
8098;0
8099;18
8100;35
8101;0
8102;0
8103;58
8104;13
8105;17
8106;35
8107;40
8108;12
8109;2
8110;26
8111;35
8112;3
8113;19
8114;35
8115;46
8116;35
8117;7
8118;3
8119;3
8120;15
8121;3
8122;3
8123;37
8124;37
8125;35
8126;50
8127;4
8128;15
8129;0
8130;5
8131;13
8132;35
8133;9
8134;2
8135;9
8136;15
8137;35
8138;35
8139;0
8140;0
8141;0
8142;5
8143;4
8144;35
8145;35
8146;22
8147;35
8148;0
8149;0
8150;0
8151;5
8152;35
8153;0
8154;0
8155;15
8156;0
8157;50
8158;5
8159;35
8160;0
8161;0
8162;3
8163;3
8164;35
8165;35
8166;0
8167;5
8168;17
8169;3
8170;3
8171;3
8172;0
8173;5
8174;18
8175;4
8176;35
8177;0
8178;12
8179;35
8180;42
8181;0
8182;0
8183;4
8184;35
8185;35
8186;19
8187;0
8188;0
8189;12
8190;12
8191;4
8192;21
8193;22
8194;35
8195;0
8196;5
8197;48
8198;23
8199;35
8200;3
8201;3
8202;0
8203;5
8204;12
8205;35
8206;40
8207;0
8208;5
8209;35
8210;18
8211;10
8212;48
8213;3
8214;4
8215;0
8216;42
8217;18
8218;0
8219;0
8220;18
8221;23
8222;3
8223;2
8224;2
8225;35
8226;15
8227;40
8228;0
8229;0
8230;23
8231;0
8232;0
8233;0
8234;18
8235;35
8236;35
8237;5
8238;5
8239;0
8240;8
8241;0
8242;11
8243;5
8244;13
8245;13
8246;35
8247;35
8248;53
8249;47
8250;0
8251;8
8252;0
8253;20
8254;3
8255;26
8256;35
8257;16
8258;0
8259;0
8260;0
8261;5
8262;35
8263;0
8264;2
8265;2
8266;0
8267;5
8268;35
8269;10
8270;13
8271;22
8272;35
8273;17
8274;0
8275;5
8276;12
8277;13
8278;0
8279;5
8280;18
8281;17
8282;9
8283;35
8284;14
8285;12
8286;0
8287;5
8288;10
8289;15
8290;12
8291;0
8292;0
8293;12
8294;0
8295;5
8296;21
8297;13
8298;40
8299;0
8300;5
8301;18
8302;35
8303;19
8304;70
8305;15
8306;0
8307;5
8308;35
8309;19
8310;8
8311;18
8312;21
8313;13
8314;3
8315;3
8316;0
8317;5
8318;15
8319;22
8320;2
8321;2
8322;35
8323;35
8324;10
8325;2
8326;2
8327;2
8328;4
8329;20
8330;14
8331;0
8332;0
8333;5
8334;10
8335;35
8336;40
8337;13
8338;35
8339;15
8340;0
8341;0
8342;5
8343;14
8344;0
8345;5
8346;17
8347;0
8348;0
8349;35
8350;35
8351;41
8352;12
8353;35
8354;35
8355;18
8356;4
8357;50
8358;70
8359;3
8360;22
8361;21
8362;70
8363;35
8364;35
8365;35
8366;40
8367;35
8368;35
8369;35
8370;0
8371;0
8372;0
8373;42
8374;0
8375;0
8376;3
8377;14
8378;20
8379;35
8380;35
8381;21
8382;0
8383;0
8384;55
8385;2
8386;11
8387;0
8388;0
8389;20
8390;17
8391;0
8392;0
8393;0
8394;5
8395;12
8396;16
8397;3
8398;3
8399;0
8400;0
8401;5
8402;18
8403;14
8404;0
8405;36
8406;35
8407;3
8408;3
8409;35
8410;53
8411;12
8412;35
8413;16
8414;19
8415;11
8416;35
8417;35
8418;38
8419;38
8420;42
8421;35
8422;34
8423;34
8424;2
8425;2
8426;11
8427;24
8428;15
8429;35
8430;35
8431;56
8432;11
8433;0
8434;11
8435;3
8436;3
8437;13
8438;0
8439;0
8440;37
8441;12
8442;0
8443;5
8444;9
8445;0
8446;5
8447;0
8448;5
8449;2
8450;2
8451;0
8452;5
8453;35
8454;16
8455;3
8456;3
8457;17
8458;35
8459;0
8460;0
8461;70
8462;35
8463;59
8464;15
8465;0
8466;0
8467;44
8468;50
8469;0
8470;0
8471;35
8472;46
8473;70
8474;14
8475;35
8476;14
8477;21
8478;43
8479;35
8480;4
8481;65
8482;58
8483;19
8484;18
8485;4
8486;15
8487;0
8488;5
8489;16
8490;37
8491;37
8492;35
8493;35
8494;0
8495;5
8496;3
8497;3
8498;17
8499;17
8500;10
8501;35
8502;18
8503;11
8504;0
8505;0
8506;7
8507;21
8508;3
8509;35
8510;0
8511;36
8512;3
8513;3
8514;35
8515;44
8516;39
8517;3
8518;15
8519;31
8520;35
8521;13
8522;35
8523;13
8524;19
8525;35
8526;35
8527;0
8528;46
8529;16
8530;16
8531;35
8532;40
8533;3
8534;3
8535;57
8536;22
8537;35
8538;0
8539;0
8540;35
8541;0
8542;5
8543;14
8544;13
8545;17
8546;18
8547;49
8548;35
8549;12
8550;0
8551;0
8552;0
8553;0
8554;0
8555;17
8556;35
8557;35
8558;35
8559;3
8560;3
8561;3
8562;0
8563;0
8564;15
8565;15
8566;19
8567;35
8568;2
8569;2
8570;3
8571;3
8572;21
8573;0
8574;5
8575;37
8576;37
8577;0
8578;0
8579;0
8580;0
8581;0
8582;24
8583;3
8584;0
8585;0
8586;21
8587;35
8588;35
8589;0
8590;5
8591;19
8592;0
8593;5
8594;15
8595;4
8596;4
8597;35
8598;35
8599;35
8600;35
8601;35
8602;0
8603;0
8604;3
8605;7
8606;35
8607;35
8608;3
8609;35
8610;0
8611;14
8612;35
8613;0
8614;0
8615;15
8616;15
8617;0
8618;0
8619;21
8620;11
8621;0
8622;15
8623;35
8624;35
8625;0
8626;0
8627;0
8628;35
8629;16
8630;19
8631;3
8632;35
8633;15
8634;35
8635;14
8636;35
8637;12
8638;3
8639;3
8640;18
8641;35
8642;14
8643;0
8644;0
8645;35
8646;35
8647;0
8648;0
8649;0
8650;0
8651;5
8652;0
8653;35
8654;35
8655;0
8656;0
8657;3
8658;3
8659;12
8660;18
8661;0
8662;5
8663;35
8664;11
8665;18
8666;0
8667;0
8668;0
8669;5
8670;21
8671;2
8672;2
8673;3
8674;3
8675;35
8676;35
8677;11
8678;11
8679;2
8680;15
8681;20
8682;19
8683;16
8684;70
8685;35
8686;35
8687;12
8688;35
8689;35
8690;19
8691;35
8692;11
8693;0
8694;5
8695;0
8696;57
8697;5
8698;17
8699;11
8700;39
8701;46
8702;0
8703;35
8704;11
8705;53
8706;8
8707;21
8708;35
8709;13
8710;0
8711;56
8712;5
8713;35
8714;35
8715;35
8716;0
8717;15
8718;52
8719;35
8720;0
8721;0
8722;35
8723;19
8724;0
8725;0
8726;46
8727;3
8728;11
8729;14
8730;0
8731;22
8732;0
8733;0
8734;0
8735;0
8736;46
8737;0
8738;48
8739;24
8740;5
8741;12
8742;3
8743;14
8744;12
8745;0
8746;16
8747;44
8748;0
8749;5
8750;2
8751;2
8752;0
8753;5
8754;35
8755;19
8756;43
8757;20
8758;8
8759;0
8760;0
8761;17
8762;17
8763;13
8764;0
8765;3
8766;3
8767;0
8768;5
8769;24
8770;35
8771;45
8772;0
8773;25
8774;4
8775;35
8776;24
8777;15
8778;51
8779;14
8780;35
8781;55
8782;17
8783;26
8784;35
8785;50
8786;35
8787;35
8788;0
8789;2
8790;21
8791;35
8792;35
8793;35
8794;0
8795;22
8796;2
8797;2
8798;12
8799;35
8800;35
8801;40
8802;35
8803;35
8804;58
8805;19
8806;35
8807;13
8808;35
8809;35
8810;70
8811;18
8812;18
8813;14
8814;2
8815;2
8816;15
8817;4
8818;4
8819;24
8820;17
8821;35
8822;35
8823;60
8824;2
8825;2
8826;20
8827;18
8828;15
8829;17
8830;2
8831;0
8832;5
8833;70
8834;35
8835;45
8836;13
8837;35
8838;11
8839;35
8840;0
8841;0
8842;0
8843;37
8844;4
8845;3
8846;3
8847;17
8848;23
8849;2
8850;37
8851;58
8852;35
8853;35
8854;20
8855;35
8856;35
8857;70
8858;13
8859;35
8860;35
8861;70
8862;76
8863;22
8864;8
8865;29
8866;61
8867;15
8868;18
8869;0
8870;0
8871;26
8872;8
8873;0
8874;5
8875;14
8876;14
8877;10
8878;35
8879;16
8880;0
8881;0
8882;0
8883;70
8884;35
8885;16
8886;35
8887;0
8888;12
8889;4
8890;49
8891;19
8892;19
8893;5
8894;6
8895;17
8896;35
8897;35
8898;35
8899;35
8900;3
8901;3
8902;0
8903;0
8904;3
8905;0
8906;0
8907;35
8908;16
8909;0
8910;5
8911;3
8912;3
8913;35
8914;35
8915;35
8916;23
8917;35
8918;35
8919;8
8920;18
8921;19
8922;18
8923;15
8924;5
8925;0
8926;21
8927;53
8928;14
8929;0
8930;0
8931;55
8932;35
8933;50
8934;14
8935;12
8936;12
8937;0
8938;0
8939;21
8940;26
8941;35
8942;40
8943;0
8944;11
8945;35
8946;35
8947;52
8948;2
8949;2
8950;0
8951;0
8952;0
8953;13
8954;35
8955;40
8956;35
8957;35
8958;4
8959;16
8960;35
8961;14
8962;13
8963;19
8964;22
8965;34
8966;35
8967;35
8968;35
8969;28
8970;0
8971;5
8972;23
8973;11
8974;35
8975;35
8976;35
8977;46
8978;16
8979;0
8980;38
8981;20
8982;14
8983;12
8984;0
8985;5
8986;35
8987;0
8988;5
8989;0
8990;0
8991;19
8992;4
8993;35
8994;40
8995;18
8996;26
8997;17
8998;19
8999;8
9000;0
9001;58
9002;3
9003;3
9004;35
9005;35
9006;0
9007;51
9008;3
9009;35
9010;35
9011;35
9012;3
9013;9
9014;35
9015;0
9016;0
9017;0
9018;35
9019;1
9020;14
9021;13
9022;35
9023;40
9024;0
9025;0
9026;0
9027;0
9028;26
9029;15
9030;35
9031;0
9032;0
9033;35
9034;35
9035;0
9036;0
9037;3
9038;3
9039;21
9040;27
9041;35
9042;35
9043;57
9044;70
9045;6
9046;6
9047;35
9048;2
9049;2
9050;35
9051;35
9052;11
9053;5
9054;11
9055;35
9056;40
9057;21
9058;23
9059;35
9060;35
9061;35
9062;2
9063;2
9064;55
9065;35
9066;35
9067;53
9068;14
9069;0
9070;5
9071;21
9072;0
9073;0
9074;35
9075;7
9076;35
9077;18
9078;9
9079;9
9080;2
9081;2
9082;20
9083;0
9084;19
9085;36
9086;35
9087;0
9088;17
9089;15
9090;35
9091;12
9092;2
9093;2
9094;35
9095;40
9096;17
9097;3
9098;3
9099;2
9100;2
9101;0
9102;5
9103;35
9104;15
9105;21
9106;17
9107;35
9108;45
9109;35
9110;35
9111;35
9112;35
9113;14
9114;36
9115;70
9116;44
9117;16
9118;11
9119;0
9120;0
9121;35
9122;3
9123;3
9124;0
9125;5
9126;37
9127;37
9128;11
9129;35
9130;35
9131;0
9132;22
9133;28
9134;0
9135;5
9136;35
9137;35
9138;57
9139;70
9140;0
9141;5
9142;7
9143;50
9144;35
9145;0
9146;5
9147;20
9148;0
9149;35
9150;12
9151;18
9152;0
9153;0
9154;2
9155;2
9156;35
9157;41
9158;0
9159;0
9160;35
9161;40
9162;18
9163;18
9164;7
9165;0
9166;0
9167;50
9168;0
9169;0
9170;3
9171;3
9172;0
9173;0
9174;0
9175;10
9176;19
9177;2
9178;25
9179;35
9180;35
9181;11
9182;0
9183;0
9184;35
9185;35
9186;0
9187;12
9188;5
9189;0
9190;5
9191;18
9192;2
9193;2
9194;35
9195;21
9196;2
9197;35
9198;9
9199;0
9200;0
9201;22
9202;35
9203;35
9204;35
9205;0
9206;0
9207;17
9208;0
9209;12
9210;14
9211;0
9212;0
9213;36
9214;35
9215;36
9216;19
9217;3
9218;3
9219;12
9220;35
9221;43
9222;27
9223;0
9224;0
9225;20
9226;15
9227;0
9228;0
9229;0
9230;35
9231;35
9232;35
9233;35
9234;35
9235;0
9236;0
9237;3
9238;3
9239;47
9240;3
9241;3
9242;0
9243;5
9244;26
9245;16
9246;35
9247;35
9248;40
9249;18
9250;34
9251;70
9252;35
9253;17
9254;35
9255;35
9256;35
9257;53
9258;11
9259;0
9260;0
9261;70
9262;80
9263;0
9264;5
9265;56
9266;35
9267;43
9268;0
9269;13
9270;35
9271;35
9272;35
9273;9
9274;2
9275;2
9276;35
9277;12
9278;29
9279;15
9280;51
9281;0
9282;5
9283;17
9284;0
9285;5
9286;35
9287;54
9288;35
9289;14
9290;35
9291;10
9292;14
9293;0
9294;0
9295;16
9296;3
9297;3
9298;0
9299;10
9300;27
9301;2
9302;2
9303;0
9304;13
9305;21
9306;0
9307;5
9308;35
9309;2
9310;35
9311;16
9312;20
9313;70
9314;3
9315;35
9316;70
9317;3
9318;3
9319;35
9320;0
9321;0
9322;22
9323;17
9324;17
9325;17
9326;21
9327;35
9328;35
9329;2
9330;2
9331;0
9332;5
9333;35
9334;35
9335;0
9336;15
9337;35
9338;35
9339;49
9340;0
9341;5
9342;3
9343;2
9344;14
9345;2
9346;2
9347;2
9348;2
9349;35
9350;16
9351;35
9352;2
9353;2
9354;14
9355;3
9356;3
9357;35
9358;35
9359;40
9360;35
9361;2
9362;2
9363;35
9364;0
9365;5
9366;0
9367;0
9368;12
9369;18
9370;0
9371;0
9372;14
9373;13
9374;0
9375;5
9376;20
9377;20
9378;2
9379;2
9380;0
9381;0
9382;44
9383;35
9384;35
9385;17
9386;35
9387;42
9388;35
9389;0
9390;0
9391;0
9392;5
9393;16
9394;0
9395;0
9396;16
9397;35
9398;35
9399;0
9400;0
9401;23
9402;0
9403;19
9404;11
9405;23
9406;38
9407;35
9408;35
9409;14
9410;35
9411;35
9412;9
9413;35
9414;35
9415;0
9416;18
9417;18
9418;3
9419;3
9420;0
9421;5
9422;22
9423;35
9424;35
9425;18
9426;13
9427;35
9428;35
9429;21
9430;4
9431;35
9432;35
9433;0
9434;35
9435;45
9436;2
9437;2
9438;14
9439;18
9440;2
9441;2
9442;0
9443;5
9444;44
9445;3
9446;3
9447;0
9448;5
9449;9
9450;35
9451;0
9452;5
9453;35
9454;35
9455;7
9456;0
9457;5
9458;35
9459;43
9460;0
9461;5
9462;10
9463;35
9464;35
9465;0
9466;5
9467;15
9468;13
9469;0
9470;5
9471;0
9472;35
9473;14
9474;0
9475;0
9476;0
9477;5
9478;9
9479;3
9480;3
9481;35
9482;35
9483;40
9484;35
9485;25
9486;16
9487;14
9488;20
9489;0
9490;2
9491;2
9492;16
9493;13
9494;35
9495;0
9496;51
9497;35
9498;18
9499;0
9500;5
9501;0
9502;3
9503;3
9504;3
9505;0
9506;0
9507;51
9508;70
9509;76
9510;35
9511;11
9512;18
9513;11
9514;0
9515;3
9516;0
9517;0
9518;5
9519;15
9520;2
9521;35
9522;35
9523;70
9524;35
9525;35
9526;0
9527;0
9528;35
9529;2
9530;2
9531;0
9532;0
9533;5
9534;18
9535;10
9536;20
9537;4
9538;0
9539;35
9540;35
9541;35
9542;35
9543;19
9544;0
9545;0
9546;14
9547;2
9548;0
9549;5
9550;0
9551;0
9552;35
9553;17
9554;26
9555;13
9556;13
9557;0
9558;35
9559;41
9560;12
9561;35
9562;11
9563;15
9564;27
9565;3
9566;3
9567;13
9568;18
9569;16
9570;0
9571;11
9572;5
9573;35
9574;35
9575;35
9576;2
9577;0
9578;14
9579;3
9580;3
9581;0
9582;0
9583;17
9584;2
9585;0
9586;0
9587;56
9588;62
9589;35
9590;35
9591;63
9592;41
9593;15
9594;12
9595;18
9596;3
9597;35
9598;15
9599;35
9600;40
9601;14
9602;35
9603;19
9604;35
9605;9
9606;28
9607;0
9608;5
9609;35
9610;0
9611;10
9612;45
9613;35
9614;0
9615;5
9616;15
9617;17
9618;35
9619;35
9620;8
9621;0
9622;53
9623;2
9624;2
9625;2
9626;2
9627;36
9628;35
9629;35
9630;12
9631;19
9632;11
9633;37
9634;35
9635;35
9636;28
9637;52
9638;20
9639;4
9640;12
9641;35
9642;16
9643;18
9644;35
9645;40
9646;18
9647;35
9648;3
9649;0
9650;35
9651;41
9652;41
9653;35
9654;0
9655;10
9656;24
9657;35
9658;41
9659;11
9660;35
9661;40
9662;35
9663;14
9664;35
9665;35
9666;0
9667;0
9668;16
9669;0
9670;0
9671;53
9672;3
9673;3
9674;12
9675;12
9676;25
9677;0
9678;5
9679;57
9680;35
9681;18
9682;18
9683;0
9684;10
9685;35
9686;0
9687;0
9688;19
9689;0
9690;15
9691;35
9692;35
9693;59
9694;39
9695;35
9696;19
9697;10
9698;18
9699;0
9700;35
9701;35
9702;35
9703;35
9704;56
9705;53
9706;3
9707;3
9708;22
9709;35
9710;40
9711;12
9712;35
9713;18
9714;47
9715;17
9716;0
9717;5
9718;2
9719;2
9720;2
9721;2
9722;11
9723;15
9724;35
9725;41
9726;0
9727;0
9728;19
9729;14
9730;9
9731;35
9732;70
9733;70
9734;35
9735;13
9736;22
9737;19
9738;35
9739;52
9740;35
9741;60
9742;35
9743;52
9744;2
9745;2
9746;15
9747;35
9748;11
9749;20
9750;42
9751;0
9752;5
9753;11
9754;3
9755;35
9756;35
9757;58
9758;17
9759;22
9760;0
9761;0
9762;5
9763;21
9764;35
9765;41
9766;35
9767;35
9768;12
9769;13
9770;14
9771;0
9772;0
9773;17
9774;50
9775;0
9776;0
9777;18
9778;35
9779;10
9780;35
9781;35
9782;0
9783;0
9784;18
9785;3
9786;35
9787;3
9788;40
9789;0
9790;5
9791;2
9792;2
9793;19
9794;35
9795;49
9796;13
9797;19
9798;18
9799;35
9800;18
9801;28
9802;0
9803;0
9804;0
9805;0
9806;0
9807;49
9808;35
9809;18
9810;3
9811;3
9812;17
9813;35
9814;2
9815;11
9816;11
9817;4
9818;24
9819;14
9820;0
9821;0
9822;0
9823;0
9824;12
9825;2
9826;2
9827;0
9828;5
9829;14
9830;12
9831;35
9832;12
9833;41
9834;38
9835;38
9836;14
9837;21
9838;36
9839;46
9840;18
9841;0
9842;5
9843;36
9844;53
9845;17
9846;21
9847;2
9848;35
9849;22
9850;35
9851;35
9852;35
9853;35
9854;42
9855;35
9856;35
9857;0
9858;0
9859;16
9860;22
9861;26
9862;35
9863;21
9864;22
9865;0
9866;0
9867;25
9868;9
9869;13
9870;27
9871;35
9872;35
9873;35
9874;0
9875;0
9876;0
9877;17
9878;35
9879;15
9880;0
9881;10
9882;3
9883;35
9884;2
9885;37
9886;37
9887;35
9888;15
9889;35
9890;47
9891;35
9892;20
9893;9
9894;35
9895;14
9896;0
9897;5
9898;13
9899;35
9900;3
9901;3
9902;35
9903;0
9904;19
9905;47
9906;1
9907;35
9908;14
9909;9
9910;0
9911;0
9912;18
9913;35
9914;2
9915;2
9916;35
9917;16
9918;15
9919;13
9920;26
9921;35
9922;35
9923;35
9924;12
9925;22
9926;0
9927;10
9928;12
9929;17
9930;0
9931;0
9932;3
9933;13
9934;14
9935;35
9936;35
9937;17
9938;22
9939;16
9940;35
9941;0
9942;35
9943;18
9944;14
9945;0
9946;0
9947;23
9948;20
9949;0
9950;35
9951;12
9952;0
9953;5
9954;0
9955;0
9956;35
9957;46
9958;0
9959;35
9960;35
9961;40
9962;21
9963;22
9964;35
9965;22
9966;35
9967;35
9968;12
9969;13
9970;35
9971;35
9972;18
9973;13
9974;12
9975;0
9976;35
9977;0
9978;5
9979;13
9980;22
9981;11
9982;35
9983;35
9984;35
9985;52
9986;58
9987;17
9988;35
9989;35
9990;2
9991;15
9992;35
9993;35
9994;27
9995;35
9996;36
9997;0
9998;5
9999;52
10000;0
10001;0
10002;35
10003;40
10004;52
10005;0
10006;0
10007;17
10008;16
10009;16
10010;0
10011;11
10012;5
10013;3
10014;35
10015;21
10016;35
10017;35
10018;53
10019;0
10020;0
10021;15
10022;35
10023;35
10024;18
10025;0
10026;35
10027;48
10028;35
10029;15
10030;12
10031;12
10032;16
10033;35
10034;0
10035;35
10036;19
10037;35
10038;70
10039;70
10040;35
10041;43
10042;0
10043;22
10044;27
10045;0
10046;5
10047;35
10048;19
10049;35
10050;35
10051;35
10052;43
10053;35
10054;24
10055;0
10056;70
10057;12
10058;2
10059;2
10060;0
10061;0
10062;17
10063;19
10064;0
10065;5
10066;15
10067;35
10068;13
10069;52
10070;0
10071;17
10072;2
10073;2
10074;18
10075;20
10076;18
10077;35
10078;35
10079;57
10080;11
10081;35
10082;2
10083;2
10084;0
10085;0
10086;38
10087;13
10088;35
10089;35
10090;14
10091;17
10092;35
10093;35
10094;15
10095;2
10096;17
10097;17
10098;0
10099;2
10100;2
10101;35
10102;0
10103;5
10104;35
10105;52
10106;0
10107;35
10108;15
10109;35
10110;55
10111;0
10112;0
10113;2
10114;2
10115;0
10116;5
10117;35
10118;12
10119;35
10120;35
10121;15
10122;0
10123;0
10124;46
10125;54
10126;21
10127;0
10128;5
10129;9
10130;3
10131;21
10132;35
10133;26
10134;35
10135;35
10136;51
10137;3
10138;3
10139;35
10140;16
10141;16
10142;15
10143;0
10144;17
10145;16
10146;0
10147;15
10148;16
10149;14
10150;17
10151;15
10152;17
10153;3
10154;21
10155;0
10156;35
10157;17
10158;0
10159;0
10160;24
10161;0
10162;5
10163;0
10164;5
10165;24
10166;37
10167;23
10168;19
10169;19
10170;0
10171;0
10172;20
10173;35
10174;40
10175;0
10176;0
10177;22
10178;14
10179;39
10180;17
10181;15
10182;0
10183;5
10184;35
10185;18
10186;0
10187;5
10188;13
10189;49
10190;35
10191;18
10192;17
10193;22
10194;35
10195;4
10196;15
10197;24
10198;32
10199;0
10200;0
10201;18
10202;11
10203;0
10204;5
10205;16
10206;0
10207;5
10208;0
10209;0
10210;17
10211;0
10212;5
10213;24
10214;35
10215;15
10216;35
10217;35
10218;0
10219;35
10220;5
10221;60
10222;0
10223;5
10224;15
10225;47
10226;18
10227;0
10228;5
10229;35
10230;12
10231;70
10232;70
10233;35
10234;13
10235;21
10236;3
10237;3
10238;19
10239;0
10240;70
10241;70
10242;35
10243;35
10244;0
10245;5
10246;14
10247;35
10248;35
10249;0
10250;5
10251;14
10252;24
10253;13
10254;17
10255;19
10256;2
10257;2
10258;10
10259;35
10260;35
10261;0
10262;0
10263;15
10264;21
10265;13
10266;10
10267;38
10268;35
10269;35
10270;16
10271;0
10272;5
10273;35
10274;41
10275;4
10276;4
10277;35
10278;55
10279;0
10280;0
10281;2
10282;2
10283;35
10284;35
10285;35
10286;57
10287;16
10288;3
10289;3
10290;35
10291;44
10292;18
10293;0
10294;5
10295;35
10296;0
10297;0
10298;35
10299;19
10300;12
10301;0
10302;0
10303;55
10304;35
10305;42
10306;35
10307;38
10308;19
10309;19
10310;2
10311;4
10312;0
10313;17
10314;2
10315;2
10316;35
10317;19
10318;24
10319;19
10320;0
10321;5
10322;0
10323;35
10324;17
10325;0
10326;0
10327;20
10328;14
10329;16
10330;35
10331;19
10332;35
10333;35
10334;35
10335;17
10336;38
10337;38
10338;53
10339;14
10340;2
10341;2
10342;22
10343;0
10344;5
10345;35
10346;0
10347;5
10348;0
10349;48
10350;0
10351;17
10352;35
10353;15
10354;0
10355;5
10356;18
10357;11
10358;35
10359;0
10360;0
10361;21
10362;28
10363;15
10364;22
10365;23
10366;3
10367;3
10368;35
10369;17
10370;35
10371;26
10372;12
10373;2
10374;17
10375;35
10376;52
10377;3
10378;3
10379;35
10380;28
10381;0
10382;0
10383;20
10384;16
10385;35
10386;35
10387;15
10388;35
10389;10
10390;0
10391;5
10392;35
10393;35
10394;41
10395;13
10396;0
10397;18
10398;49
10399;35
10400;17
10401;35
10402;3
10403;35
10404;46
10405;35
10406;35
10407;62
10408;35
10409;35
10410;35
10411;22
10412;13
10413;3
10414;35
10415;0
10416;0
10417;13
10418;3
10419;3
10420;31
10421;2
10422;2
10423;35
10424;4
10425;0
10426;5
10427;10
10428;21
10429;0
10430;5
10431;14
10432;35
10433;0
10434;0
10435;13
10436;20
10437;19
10438;18
10439;35
10440;35
10441;43
10442;8
10443;25
10444;0
10445;10
10446;14
10447;3
10448;3
10449;2
10450;5
10451;35
10452;35
10453;55
10454;35
10455;10
10456;3
10457;3
10458;0
10459;0
10460;35
10461;35
10462;70
10463;13
10464;0
10465;0
10466;51
10467;5
10468;0
10469;5
10470;35
10471;35
10472;0
10473;0
10474;3
10475;3
10476;15
10477;0
10478;35
10479;0
10480;0
10481;24
10482;4
10483;35
10484;19
10485;22
10486;44
10487;2
10488;2
10489;0
10490;5
10491;3
10492;3
10493;0
10494;5
10495;14
10496;4
10497;4
10498;9
10499;35
10500;35
10501;35
10502;35
10503;35
10504;11
10505;35
10506;35
10507;35
10508;13
10509;35
10510;47
10511;27
10512;35
10513;53
10514;17
10515;3
10516;3
10517;0
10518;5
10519;13
10520;17
10521;35
10522;14
10523;0
10524;0
10525;0
10526;5
10527;16
10528;41
10529;41
10530;22
10531;0
10532;0
10533;3
10534;3
10535;35
10536;0
10537;0
10538;35
10539;0
10540;0
10541;17
10542;0
10543;30
10544;35
10545;0
10546;5
10547;0
10548;5
10549;3
10550;35
10551;40
10552;43
10553;35
10554;35
10555;22
10556;16
10557;0
10558;5
10559;35
10560;42
10561;11
10562;12
10563;3
10564;3
10565;35
10566;50
10567;35
10568;0
10569;3
10570;3
10571;9
10572;0
10573;5
10574;4
10575;11
10576;18
10577;34
10578;34
10579;0
10580;5
10581;14
10582;35
10583;14
10584;38
10585;12
10586;45
10587;18
10588;3
10589;15
10590;35
10591;0
10592;5
10593;20
10594;13
10595;15
10596;35
10597;3
10598;3
10599;35
10600;35
10601;35
10602;35
10603;18
10604;3
10605;3
10606;35
10607;3
10608;3
10609;14
10610;35
10611;29
10612;51
10613;0
10614;11
10615;3
10616;3
10617;17
10618;15
10619;16
10620;0
10621;0
10622;0
10623;18
10624;15
10625;35
10626;35
10627;19
10628;35
10629;41
10630;0
10631;5
10632;0
10633;18
10634;5
10635;19
10636;8
10637;12
10638;16
10639;35
10640;57
10641;0
10642;5
10643;2
10644;2
10645;41
10646;16
10647;10
10648;0
10649;0
10650;35
10651;35
10652;11
10653;16
10654;19
10655;12
10656;0
10657;0
10658;15
10659;12
10660;74
10661;3
10662;2
10663;0
10664;0
10665;35
10666;7
10667;0
10668;35
10669;35
10670;0
10671;0
10672;14
10673;0
10674;5
10675;3
10676;3
10677;6
10678;19
10679;35
10680;0
10681;14
10682;14
10683;2
10684;2
10685;14
10686;81
10687;46
10688;35
10689;0
10690;0
10691;35
10692;35
10693;35
10694;36
10695;20
10696;35
10697;35
10698;17
10699;35
10700;35
10701;18
10702;70
10703;19
10704;12
10705;0
10706;0
10707;5
10708;13
10709;2
10710;2
10711;2
10712;20
10713;9
10714;15
10715;0
10716;0
10717;72
10718;35
10719;35
10720;19
10721;70
10722;35
10723;35
10724;41
10725;41
10726;35
10727;0
10728;5
10729;9
10730;11
10731;19
10732;24
10733;19
10734;54
10735;35
10736;41
10737;10
10738;35
10739;0
10740;0
10741;35
10742;6
10743;6
10744;0
10745;2
10746;2
10747;12
10748;35
10749;0
10750;5
10751;8
10752;8
10753;12
10754;0
10755;21
10756;14
10757;0
10758;5
10759;35
10760;14
10761;19
10762;14
10763;35
10764;3
10765;3
10766;22
10767;35
10768;19
10769;2
10770;2
10771;21
10772;3
10773;3
10774;3
10775;3
10776;35
10777;0
10778;5
10779;2
10780;15
10781;16
10782;17
10783;0
10784;0
10785;22
10786;16
10787;35
10788;15
10789;0
10790;0
10791;37
10792;17
10793;15
10794;14
10795;18
10796;18
10797;0
10798;46
10799;35
10800;0
10801;18
10802;2
10803;2
10804;11
10805;35
10806;0
10807;0
10808;45
10809;14
10810;17
10811;10
10812;15
10813;20
10814;0
10815;10
10816;54
10817;0
10818;50
10819;15
10820;42
10821;35
10822;14
10823;35
10824;0
10825;5
10826;35
10827;8
10828;0
10829;13
10830;35
10831;20
10832;2
10833;2
10834;17
10835;35
10836;0
10837;5
10838;12
10839;23
10840;35
10841;35
10842;16
10843;42
10844;16
10845;0
10846;0
10847;13
10848;35
10849;16
10850;22
10851;2
10852;0
10853;35
10854;10
10855;52
10856;0
10857;5
10858;0
10859;0
10860;2
10861;2
10862;20
10863;0
10864;49
10865;5
10866;0
10867;27
10868;0
10869;2
10870;2
10871;10
10872;14
10873;17
10874;21
10875;44
10876;17
10877;18
10878;6
10879;0
10880;0
10881;21
10882;0
10883;0
10884;11
10885;35
10886;35
10887;18
10888;0
10889;0
10890;59
10891;20
10892;18
10893;2
10894;0
10895;5
10896;9
10897;22
10898;0
10899;0
10900;19
10901;24
10902;10
10903;35
10904;35
10905;35
10906;35
10907;36
10908;2
10909;4
10910;0
10911;35
10912;16
10913;35
10914;0
10915;5
10916;0
10917;0
10918;13
10919;19
10920;51
10921;42
10922;35
10923;35
10924;56
10925;0
10926;5
10927;3
10928;0
10929;0
10930;14
10931;14
10932;35
10933;35
10934;4
10935;0
10936;35
10937;55
10938;16
10939;0
10940;35
10941;35
10942;35
10943;14
10944;17
10945;3
10946;3
10947;17
10948;37
10949;18
10950;12
10951;35
10952;21
10953;0
10954;16
10955;17
10956;49
10957;2
10958;0
10959;5
10960;23
10961;9
10962;3
10963;3
10964;0
10965;5
10966;35
10967;0
10968;0
10969;40
10970;35
10971;0
10972;37
10973;37
10974;0
10975;5
10976;3
10977;3
10978;35
10979;35
10980;70
10981;43
10982;35
10983;35
10984;35
10985;0
10986;0
10987;5
10988;3
10989;3
10990;0
10991;11
10992;0
10993;0
10994;35
10995;35
10996;15
10997;40
10998;0
10999;5
11000;12
11001;12
11002;0
11003;11
11004;5
11005;13
11006;35
11007;0
11008;5
11009;15
11010;35
11011;42
11012;14
11013;3
11014;35
11015;0
11016;5
11017;35
11018;0
11019;5
11020;2
11021;39
11022;0
11023;14
11024;22
11025;11
11026;3
11027;2
11028;2
11029;10
11030;0
11031;5
11032;24
11033;13
11034;18
11035;11
11036;0
11037;15
11038;22
11039;35
11040;0
11041;5
11042;15
11043;13
11044;0
11045;0
11046;19
11047;14
11048;35
11049;0
11050;35
11051;0
11052;12
11053;10
11054;15
11055;0
11056;0
11057;0
11058;5
11059;0
11060;35
11061;35
11062;17
11063;16
11064;35
11065;35
11066;35
11067;11
11068;19
11069;35
11070;40
11071;14
11072;35
11073;51
11074;35
11075;35
11076;35
11077;35
11078;3
11079;3
11080;13
11081;1
11082;35
11083;12
11084;35
11085;19
11086;14
11087;9
11088;44
11089;0
11090;5
11091;9
11092;35
11093;14
11094;35
11095;17
11096;2
11097;2
11098;15
11099;13
11100;35
11101;0
11102;0
11103;35
11104;15
11105;35
11106;35
11107;17
11108;3
11109;0
11110;58
11111;5
11112;22
11113;0
11114;0
11115;35
11116;3
11117;0
11118;5
11119;13
11120;12
11121;35
11122;9
11123;0
11124;0
11125;5
11126;13
11127;0
11128;0
11129;0
11130;0
11131;4
11132;35
11133;35
11134;3
11135;3
11136;35
11137;19
11138;35
11139;0
11140;35
11141;18
11142;35
11143;3
11144;3
11145;13
11146;0
11147;0
11148;9
11149;0
11150;50
11151;5
11152;35
11153;42
11154;19
11155;35
11156;35
11157;51
11158;25
11159;0
11160;19
11161;0
11162;0
11163;9
11164;4
11165;38
11166;38
11167;3
11168;3
11169;35
11170;49
11171;38
11172;35
11173;14
11174;0
11175;5
11176;0
11177;11
11178;5
11179;16
11180;35
11181;35
11182;11
11183;35
11184;35
11185;35
11186;70
11187;12
11188;0
11189;16
11190;17
11191;0
11192;16
11193;35
11194;35
11195;54
11196;22
11197;0
11198;5
11199;35
11200;17
11201;10
11202;35
11203;11
11204;22
11205;35
11206;35
11207;17
11208;0
11209;0
11210;0
11211;18
11212;0
11213;0
11214;19
11215;1
11216;0
11217;37
11218;5
11219;23
11220;0
11221;0
11222;0
11223;60
11224;19
11225;35
11226;57
11227;13
11228;0
11229;0
11230;0
11231;0
11232;70
11233;16
11234;12
11235;14
11236;3
11237;3
11238;35
11239;11
11240;0
11241;7
11242;16
11243;11
11244;15
11245;0
11246;4
11247;4
11248;3
11249;3
11250;35
11251;35
11252;70
11253;16
11254;12
11255;35
11256;12
11257;35
11258;41
11259;15
11260;0
11261;0
11262;13
11263;2
11264;2
11265;35
11266;35
11267;41
11268;35
11269;16
11270;0
11271;5
11272;53
11273;14
11274;35
11275;35
11276;23
11277;17
11278;0
11279;0
11280;19
11281;35
11282;50
11283;35
11284;44
11285;18
